series_name,series_id,year,month,period,value,date
avg_diesel,APU000074717,2017,1,M01,2.547,2017-01-01
avg_diesel,APU000074717,2017,2,M02,2.537,2017-02-01
avg_diesel,APU000074717,2017,3,M03,2.541,2017-03-01
avg_diesel,APU000074717,2017,4,M04,2.548,2017-04-01
avg_diesel,APU000074717,2017,5,M05,2.537,2017-05-01
avg_diesel,APU000074717,2017,6,M06,2.516,2017-06-01
avg_diesel,APU000074717,2017,7,M07,2.477,2017-07-01
avg_diesel,APU000074717,2017,8,M08,2.544,2017-08-01
avg_diesel,APU000074717,2017,9,M09,2.742,2017-09-01
avg_diesel,APU000074717,2017,10,M10,2.761,2017-10-01
avg_diesel,APU000074717,2017,11,M11,2.873,2017-11-01
avg_diesel,APU000074717,2017,12,M12,2.886,2017-12-01
avg_diesel,APU000074717,2018,1,M01,2.965,2018-01-01
avg_diesel,APU000074717,2018,2,M02,3.007,2018-02-01
avg_diesel,APU000074717,2018,3,M03,2.973,2018-03-01
avg_diesel,APU000074717,2018,4,M04,3.051,2018-04-01
avg_diesel,APU000074717,2018,5,M05,3.197,2018-05-01
avg_diesel,APU000074717,2018,6,M06,3.245,2018-06-01
avg_diesel,APU000074717,2018,7,M07,3.226,2018-07-01
avg_diesel,APU000074717,2018,8,M08,3.211,2018-08-01
avg_diesel,APU000074717,2018,9,M09,3.243,2018-09-01
avg_diesel,APU000074717,2018,10,M10,3.335,2018-10-01
avg_diesel,APU000074717,2018,11,M11,3.292,2018-11-01
avg_diesel,APU000074717,2018,12,M12,3.155,2018-12-01
avg_diesel,APU000074717,2019,1,M01,3.015,2019-01-01
avg_diesel,APU000074717,2019,2,M02,2.985,2019-02-01
avg_diesel,APU000074717,2019,3,M03,3.063,2019-03-01
avg_diesel,APU000074717,2019,4,M04,3.129,2019-04-01
avg_diesel,APU000074717,2019,5,M05,3.189,2019-05-01
avg_diesel,APU000074717,2019,6,M06,3.104,2019-06-01
avg_diesel,APU000074717,2019,7,M07,3.078,2019-07-01
avg_diesel,APU000074717,2019,8,M08,3.03,2019-08-01
avg_diesel,APU000074717,2019,9,M09,3.033,2019-09-01
avg_diesel,APU000074717,2019,10,M10,3.086,2019-10-01
avg_diesel,APU000074717,2019,11,M11,3.09,2019-11-01
avg_diesel,APU000074717,2019,12,M12,3.089,2019-12-01
avg_diesel,APU000074717,2020,1,M01,3.078,2020-01-01
avg_diesel,APU000074717,2020,2,M02,2.98,2020-02-01
avg_diesel,APU000074717,2020,3,M03,2.818,2020-03-01
avg_diesel,APU000074717,2020,4,M04,2.605,2020-04-01
avg_diesel,APU000074717,2020,5,M05,2.515,2020-05-01
avg_diesel,APU000074717,2020,6,M06,2.508,2020-06-01
avg_diesel,APU000074717,2020,7,M07,2.514,2020-07-01
avg_diesel,APU000074717,2020,8,M08,2.503,2020-08-01
avg_diesel,APU000074717,2020,9,M09,2.496,2020-09-01
avg_diesel,APU000074717,2020,10,M10,2.46,2020-10-01
avg_diesel,APU000074717,2020,11,M11,2.441,2020-11-01
avg_diesel,APU000074717,2020,12,M12,2.543,2020-12-01
avg_diesel,APU000074717,2021,1,M01,2.661,2021-01-01
avg_diesel,APU000074717,2021,2,M02,2.802,2021-02-01
avg_diesel,APU000074717,2021,3,M03,3.076,2021-03-01
avg_diesel,APU000074717,2021,4,M04,3.126,2021-04-01
avg_diesel,APU000074717,2021,5,M05,3.2,2021-05-01
avg_diesel,APU000074717,2021,6,M06,3.272,2021-06-01
avg_diesel,APU000074717,2021,7,M07,3.324,2021-07-01
avg_diesel,APU000074717,2021,8,M08,3.353,2021-08-01
avg_diesel,APU000074717,2021,9,M09,3.366,2021-09-01
avg_diesel,APU000074717,2021,10,M10,3.55,2021-10-01
avg_diesel,APU000074717,2021,11,M11,3.695,2021-11-01
avg_diesel,APU000074717,2021,12,M12,3.661,2021-12-01
avg_diesel,APU000074717,2022,1,M01,3.675,2022-01-01
avg_diesel,APU000074717,2022,2,M02,3.899,2022-02-01
avg_diesel,APU000074717,2022,3,M03,4.818,2022-03-01
avg_diesel,APU000074717,2022,4,M04,5.119,2022-04-01
avg_diesel,APU000074717,2022,5,M05,5.517,2022-05-01
avg_diesel,APU000074717,2022,6,M06,5.758,2022-06-01
avg_diesel,APU000074717,2022,7,M07,5.637,2022-07-01
avg_diesel,APU000074717,2022,8,M08,5.165,2022-08-01
avg_diesel,APU000074717,2022,9,M09,5.046,2022-09-01
avg_diesel,APU000074717,2022,10,M10,5.232,2022-10-01
avg_diesel,APU000074717,2022,11,M11,5.349,2022-11-01
avg_diesel,APU000074717,2022,12,M12,4.913,2022-12-01
avg_diesel,APU000074717,2023,1,M01,4.684,2023-01-01
avg_diesel,APU000074717,2023,2,M02,4.587,2023-02-01
avg_diesel,APU000074717,2023,3,M03,4.359,2023-03-01
avg_diesel,APU000074717,2023,4,M04,4.215,2023-04-01
avg_diesel,APU000074717,2023,5,M05,4.074,2023-05-01
avg_diesel,APU000074717,2023,6,M06,3.941,2023-06-01
avg_diesel,APU000074717,2023,7,M07,3.91,2023-07-01
avg_diesel,APU000074717,2023,8,M08,4.357,2023-08-01
avg_diesel,APU000074717,2023,9,M09,4.617,2023-09-01
avg_diesel,APU000074717,2023,10,M10,4.566,2023-10-01
avg_diesel,APU000074717,2023,11,M11,4.397,2023-11-01
avg_diesel,APU000074717,2023,12,M12,4.133,2023-12-01
avg_diesel,APU000074717,2024,1,M01,3.975,2024-01-01
avg_diesel,APU000074717,2024,2,M02,4.077,2024-02-01
avg_diesel,APU000074717,2024,3,M03,4.085,2024-03-01
avg_diesel,APU000074717,2024,4,M04,4.074,2024-04-01
avg_diesel,APU000074717,2024,5,M05,3.943,2024-05-01
avg_diesel,APU000074717,2024,6,M06,3.831,2024-06-01
avg_diesel,APU000074717,2024,7,M07,3.86,2024-07-01
avg_diesel,APU000074717,2024,8,M08,3.773,2024-08-01
avg_diesel,APU000074717,2024,9,M09,3.64,2024-09-01
avg_diesel,APU000074717,2024,10,M10,3.62,2024-10-01
avg_diesel,APU000074717,2024,11,M11,3.549,2024-11-01
avg_diesel,APU000074717,2024,12,M12,3.522,2024-12-01
avg_diesel,APU000074717,2025,1,M01,3.605,2025-01-01
avg_diesel,APU000074717,2025,2,M02,3.665,2025-02-01
avg_diesel,APU000074717,2025,3,M03,3.616,2025-03-01
avg_diesel,APU000074717,2025,4,M04,3.59,2025-04-01
avg_diesel,APU000074717,2025,5,M05,3.538,2025-05-01
avg_diesel,APU000074717,2025,6,M06,3.578,2025-06-01
avg_diesel,APU000074717,2025,7,M07,3.746,2025-07-01
avg_diesel,APU000074717,2025,8,M08,3.726,2025-08-01
avg_diesel,APU000074717,2025,9,M09,3.73,2025-09-01
avg_diesel,APU000074717,2025,11,M11,3.911,2025-11-01
avg_diesel,APU000074717,2025,12,M12,3.771,2025-12-01
avg_diesel,APU000074717,2026,1,M01,3.61,2026-01-01
avg_diesel,APU000074717,2026,2,M02,3.746,2026-02-01
avg_diesel,APU000074717,2026,3,M03,4.919,2026-03-01
avg_diesel,APU000074717,2026,4,M04,5.707,2026-04-01
avg_diesel,APU000074717,2026,5,M05,5.78,2026-05-01
avg_diesel,APU000074717,2026,6,M06,5.322,2026-06-01
avg_diesel,APU000074717,2026,7,M07,5.077,2026-07-01
avg_diesel,APU000074717,2026,8,M08,5.547,2026-08-01
avg_gasoline_all_types,APU00007471A,2017,1,M01,2.409,2017-01-01
avg_gasoline_all_types,APU00007471A,2017,2,M02,2.36,2017-02-01
avg_gasoline_all_types,APU00007471A,2017,3,M03,2.386,2017-03-01
avg_gasoline_all_types,APU00007471A,2017,4,M04,2.479,2017-04-01
avg_gasoline_all_types,APU00007471A,2017,5,M05,2.448,2017-05-01
avg_gasoline_all_types,APU00007471A,2017,6,M06,2.4,2017-06-01
avg_gasoline_all_types,APU00007471A,2017,7,M07,2.344,2017-07-01
avg_gasoline_all_types,APU00007471A,2017,8,M08,2.436,2017-08-01
avg_gasoline_all_types,APU00007471A,2017,9,M09,2.688,2017-09-01
avg_gasoline_all_types,APU00007471A,2017,10,M10,2.545,2017-10-01
avg_gasoline_all_types,APU00007471A,2017,11,M11,2.608,2017-11-01
avg_gasoline_all_types,APU00007471A,2017,12,M12,2.521,2017-12-01
avg_gasoline_all_types,APU00007471A,2018,1,M01,2.596,2018-01-01
avg_gasoline_all_types,APU00007471A,2018,2,M02,2.632,2018-02-01
avg_gasoline_all_types,APU00007471A,2018,3,M03,2.631,2018-03-01
avg_gasoline_all_types,APU00007471A,2018,4,M04,2.795,2018-04-01
avg_gasoline_all_types,APU00007471A,2018,5,M05,2.963,2018-05-01
avg_gasoline_all_types,APU00007471A,2018,6,M06,2.97,2018-06-01
avg_gasoline_all_types,APU00007471A,2018,7,M07,2.93,2018-07-01
avg_gasoline_all_types,APU00007471A,2018,8,M08,2.919,2018-08-01
avg_gasoline_all_types,APU00007471A,2018,9,M09,2.93,2018-09-01
avg_gasoline_all_types,APU00007471A,2018,10,M10,2.945,2018-10-01
avg_gasoline_all_types,APU00007471A,2018,11,M11,2.733,2018-11-01
avg_gasoline_all_types,APU00007471A,2018,12,M12,2.479,2018-12-01
avg_gasoline_all_types,APU00007471A,2019,1,M01,2.352,2019-01-01
avg_gasoline_all_types,APU00007471A,2019,2,M02,2.412,2019-02-01
avg_gasoline_all_types,APU00007471A,2019,3,M03,2.62,2019-03-01
avg_gasoline_all_types,APU00007471A,2019,4,M04,2.894,2019-04-01
avg_gasoline_all_types,APU00007471A,2019,5,M05,2.963,2019-05-01
avg_gasoline_all_types,APU00007471A,2019,6,M06,2.814,2019-06-01
avg_gasoline_all_types,APU00007471A,2019,7,M07,2.836,2019-07-01
avg_gasoline_all_types,APU00007471A,2019,8,M08,2.716,2019-08-01
avg_gasoline_all_types,APU00007471A,2019,9,M09,2.694,2019-09-01
avg_gasoline_all_types,APU00007471A,2019,10,M10,2.741,2019-10-01
avg_gasoline_all_types,APU00007471A,2019,11,M11,2.687,2019-11-01
avg_gasoline_all_types,APU00007471A,2019,12,M12,2.652,2019-12-01
avg_gasoline_all_types,APU00007471A,2020,1,M01,2.631,2020-01-01
avg_gasoline_all_types,APU00007471A,2020,2,M02,2.53,2020-02-01
avg_gasoline_all_types,APU00007471A,2020,3,M03,2.334,2020-03-01
avg_gasoline_all_types,APU00007471A,2020,4,M04,1.946,2020-04-01
avg_gasoline_all_types,APU00007471A,2020,5,M05,1.946,2020-05-01
avg_gasoline_all_types,APU00007471A,2020,6,M06,2.141,2020-06-01
avg_gasoline_all_types,APU00007471A,2020,7,M07,2.243,2020-07-01
avg_gasoline_all_types,APU00007471A,2020,8,M08,2.245,2020-08-01
avg_gasoline_all_types,APU00007471A,2020,9,M09,2.26,2020-09-01
avg_gasoline_all_types,APU00007471A,2020,10,M10,2.228,2020-10-01
avg_gasoline_all_types,APU00007471A,2020,11,M11,2.159,2020-11-01
avg_gasoline_all_types,APU00007471A,2020,12,M12,2.235,2020-12-01
avg_gasoline_all_types,APU00007471A,2021,1,M01,2.391,2021-01-01
avg_gasoline_all_types,APU00007471A,2021,2,M02,2.559,2021-02-01
avg_gasoline_all_types,APU00007471A,2021,3,M03,2.856,2021-03-01
avg_gasoline_all_types,APU00007471A,2021,4,M04,2.907,2021-04-01
avg_gasoline_all_types,APU00007471A,2021,5,M05,3.041,2021-05-01
avg_gasoline_all_types,APU00007471A,2021,6,M06,3.245,2021-06-01
avg_gasoline_all_types,APU00007471A,2021,7,M07,3.326,2021-07-01
avg_gasoline_all_types,APU00007471A,2021,8,M08,3.351,2021-08-01
avg_gasoline_all_types,APU00007471A,2021,9,M09,3.361,2021-09-01
avg_gasoline_all_types,APU00007471A,2021,10,M10,3.477,2021-10-01
avg_gasoline_all_types,APU00007471A,2021,11,M11,3.576,2021-11-01
avg_gasoline_all_types,APU00007471A,2021,12,M12,3.505,2021-12-01
avg_gasoline_all_types,APU00007471A,2022,1,M01,3.5,2022-01-01
avg_gasoline_all_types,APU00007471A,2022,2,M02,3.675,2022-02-01
avg_gasoline_all_types,APU00007471A,2022,3,M03,4.401,2022-03-01
avg_gasoline_all_types,APU00007471A,2022,4,M04,4.369,2022-04-01
avg_gasoline_all_types,APU00007471A,2022,5,M05,4.695,2022-05-01
avg_gasoline_all_types,APU00007471A,2022,6,M06,5.149,2022-06-01
avg_gasoline_all_types,APU00007471A,2022,7,M07,4.768,2022-07-01
avg_gasoline_all_types,APU00007471A,2022,8,M08,4.205,2022-08-01
avg_gasoline_all_types,APU00007471A,2022,9,M09,3.99,2022-09-01
avg_gasoline_all_types,APU00007471A,2022,10,M10,4.13,2022-10-01
avg_gasoline_all_types,APU00007471A,2022,11,M11,3.958,2022-11-01
avg_gasoline_all_types,APU00007471A,2022,12,M12,3.459,2022-12-01
avg_gasoline_all_types,APU00007471A,2023,1,M01,3.555,2023-01-01
avg_gasoline_all_types,APU00007471A,2023,2,M02,3.622,2023-02-01
avg_gasoline_all_types,APU00007471A,2023,3,M03,3.66,2023-03-01
avg_gasoline_all_types,APU00007471A,2023,4,M04,3.839,2023-04-01
avg_gasoline_all_types,APU00007471A,2023,5,M05,3.794,2023-05-01
avg_gasoline_all_types,APU00007471A,2023,6,M06,3.821,2023-06-01
avg_gasoline_all_types,APU00007471A,2023,7,M07,3.842,2023-07-01
avg_gasoline_all_types,APU00007471A,2023,8,M08,4.064,2023-08-01
avg_gasoline_all_types,APU00007471A,2023,9,M09,4.107,2023-09-01
avg_gasoline_all_types,APU00007471A,2023,10,M10,3.91,2023-10-01
avg_gasoline_all_types,APU00007471A,2023,11,M11,3.623,2023-11-01
avg_gasoline_all_types,APU00007471A,2023,12,M12,3.411,2023-12-01
avg_gasoline_all_types,APU00007471A,2024,1,M01,3.353,2024-01-01
avg_gasoline_all_types,APU00007471A,2024,2,M02,3.486,2024-02-01
avg_gasoline_all_types,APU00007471A,2024,3,M03,3.707,2024-03-01
avg_gasoline_all_types,APU00007471A,2024,4,M04,3.907,2024-04-01
avg_gasoline_all_types,APU00007471A,2024,5,M05,3.885,2024-05-01
avg_gasoline_all_types,APU00007471A,2024,6,M06,3.729,2024-06-01
avg_gasoline_all_types,APU00007471A,2024,7,M07,3.747,2024-07-01
avg_gasoline_all_types,APU00007471A,2024,8,M08,3.648,2024-08-01
avg_gasoline_all_types,APU00007471A,2024,9,M09,3.478,2024-09-01
avg_gasoline_all_types,APU00007471A,2024,10,M10,3.412,2024-10-01
avg_gasoline_all_types,APU00007471A,2024,11,M11,3.315,2024-11-01
avg_gasoline_all_types,APU00007471A,2024,12,M12,3.277,2024-12-01
avg_gasoline_all_types,APU00007471A,2025,1,M01,3.342,2025-01-01
avg_gasoline_all_types,APU00007471A,2025,2,M02,3.396,2025-02-01
avg_gasoline_all_types,APU00007471A,2025,3,M03,3.368,2025-03-01
avg_gasoline_all_types,APU00007471A,2025,4,M04,3.465,2025-04-01
avg_gasoline_all_types,APU00007471A,2025,5,M05,3.443,2025-05-01
avg_gasoline_all_types,APU00007471A,2025,6,M06,3.442,2025-06-01
avg_gasoline_all_types,APU00007471A,2025,7,M07,3.422,2025-07-01
avg_gasoline_all_types,APU00007471A,2025,8,M08,3.433,2025-08-01
avg_gasoline_all_types,APU00007471A,2025,9,M09,3.481,2025-09-01
avg_gasoline_all_types,APU00007471A,2025,11,M11,3.373,2025-11-01
avg_gasoline_all_types,APU00007471A,2025,12,M12,3.195,2025-12-01
avg_gasoline_all_types,APU00007471A,2026,1,M01,3.104,2026-01-01
avg_gasoline_all_types,APU00007471A,2026,2,M02,3.211,2026-02-01
avg_gasoline_all_types,APU00007471A,2026,3,M03,3.988,2026-03-01
avg_gasoline_all_types,APU00007471A,2026,4,M04,4.409,2026-04-01
avg_gasoline_all_types,APU00007471A,2026,5,M05,4.793,2026-05-01
avg_gasoline_all_types,APU00007471A,2026,6,M06,4.346,2026-06-01
avg_gasoline_all_types,APU00007471A,2026,7,M07,4.242,2026-07-01
avg_gasoline_all_types,APU00007471A,2026,8,M08,4.348,2026-08-01
avg_gasoline_regular,APU000074714,2017,1,M01,2.351,2017-01-01
avg_gasoline_regular,APU000074714,2017,2,M02,2.299,2017-02-01
avg_gasoline_regular,APU000074714,2017,3,M03,2.323,2017-03-01
avg_gasoline_regular,APU000074714,2017,4,M04,2.418,2017-04-01
avg_gasoline_regular,APU000074714,2017,5,M05,2.386,2017-05-01
avg_gasoline_regular,APU000074714,2017,6,M06,2.337,2017-06-01
avg_gasoline_regular,APU000074714,2017,7,M07,2.281,2017-07-01
avg_gasoline_regular,APU000074714,2017,8,M08,2.374,2017-08-01
avg_gasoline_regular,APU000074714,2017,9,M09,2.63,2017-09-01
avg_gasoline_regular,APU000074714,2017,10,M10,2.484,2017-10-01
avg_gasoline_regular,APU000074714,2017,11,M11,2.548,2017-11-01
avg_gasoline_regular,APU000074714,2017,12,M12,2.459,2017-12-01
avg_gasoline_regular,APU000074714,2018,1,M01,2.539,2018-01-01
avg_gasoline_regular,APU000074714,2018,2,M02,2.575,2018-02-01
avg_gasoline_regular,APU000074714,2018,3,M03,2.572,2018-03-01
avg_gasoline_regular,APU000074714,2018,4,M04,2.737,2018-04-01
avg_gasoline_regular,APU000074714,2018,5,M05,2.907,2018-05-01
avg_gasoline_regular,APU000074714,2018,6,M06,2.914,2018-06-01
avg_gasoline_regular,APU000074714,2018,7,M07,2.873,2018-07-01
avg_gasoline_regular,APU000074714,2018,8,M08,2.862,2018-08-01
avg_gasoline_regular,APU000074714,2018,9,M09,2.873,2018-09-01
avg_gasoline_regular,APU000074714,2018,10,M10,2.887,2018-10-01
avg_gasoline_regular,APU000074714,2018,11,M11,2.671,2018-11-01
avg_gasoline_regular,APU000074714,2018,12,M12,2.414,2018-12-01
avg_gasoline_regular,APU000074714,2019,1,M01,2.289,2019-01-01
avg_gasoline_regular,APU000074714,2019,2,M02,2.353,2019-02-01
avg_gasoline_regular,APU000074714,2019,3,M03,2.564,2019-03-01
avg_gasoline_regular,APU000074714,2019,4,M04,2.835,2019-04-01
avg_gasoline_regular,APU000074714,2019,5,M05,2.901,2019-05-01
avg_gasoline_regular,APU000074714,2019,6,M06,2.752,2019-06-01
avg_gasoline_regular,APU000074714,2019,7,M07,2.776,2019-07-01
avg_gasoline_regular,APU000074714,2019,8,M08,2.655,2019-08-01
avg_gasoline_regular,APU000074714,2019,9,M09,2.63,2019-09-01
avg_gasoline_regular,APU000074714,2019,10,M10,2.673,2019-10-01
avg_gasoline_regular,APU000074714,2019,11,M11,2.62,2019-11-01
avg_gasoline_regular,APU000074714,2019,12,M12,2.587,2019-12-01
avg_gasoline_regular,APU000074714,2020,1,M01,2.567,2020-01-01
avg_gasoline_regular,APU000074714,2020,2,M02,2.465,2020-02-01
avg_gasoline_regular,APU000074714,2020,3,M03,2.267,2020-03-01
avg_gasoline_regular,APU000074714,2020,4,M04,1.876,2020-04-01
avg_gasoline_regular,APU000074714,2020,5,M05,1.879,2020-05-01
avg_gasoline_regular,APU000074714,2020,6,M06,2.076,2020-06-01
avg_gasoline_regular,APU000074714,2020,7,M07,2.176,2020-07-01
avg_gasoline_regular,APU000074714,2020,8,M08,2.177,2020-08-01
avg_gasoline_regular,APU000074714,2020,9,M09,2.193,2020-09-01
avg_gasoline_regular,APU000074714,2020,10,M10,2.159,2020-10-01
avg_gasoline_regular,APU000074714,2020,11,M11,2.09,2020-11-01
avg_gasoline_regular,APU000074714,2020,12,M12,2.168,2020-12-01
avg_gasoline_regular,APU000074714,2021,1,M01,2.326,2021-01-01
avg_gasoline_regular,APU000074714,2021,2,M02,2.496,2021-02-01
avg_gasoline_regular,APU000074714,2021,3,M03,2.791,2021-03-01
avg_gasoline_regular,APU000074714,2021,4,M04,2.839,2021-04-01
avg_gasoline_regular,APU000074714,2021,5,M05,2.972,2021-05-01
avg_gasoline_regular,APU000074714,2021,6,M06,3.154,2021-06-01
avg_gasoline_regular,APU000074714,2021,7,M07,3.233,2021-07-01
avg_gasoline_regular,APU000074714,2021,8,M08,3.255,2021-08-01
avg_gasoline_regular,APU000074714,2021,9,M09,3.265,2021-09-01
avg_gasoline_regular,APU000074714,2021,10,M10,3.385,2021-10-01
avg_gasoline_regular,APU000074714,2021,11,M11,3.482,2021-11-01
avg_gasoline_regular,APU000074714,2021,12,M12,3.408,2021-12-01
avg_gasoline_regular,APU000074714,2022,1,M01,3.413,2022-01-01
avg_gasoline_regular,APU000074714,2022,2,M02,3.592,2022-02-01
avg_gasoline_regular,APU000074714,2022,3,M03,4.312,2022-03-01
avg_gasoline_regular,APU000074714,2022,4,M04,4.271,2022-04-01
avg_gasoline_regular,APU000074714,2022,5,M05,4.604,2022-05-01
avg_gasoline_regular,APU000074714,2022,6,M06,5.058,2022-06-01
avg_gasoline_regular,APU000074714,2022,7,M07,4.667,2022-07-01
avg_gasoline_regular,APU000074714,2022,8,M08,4.101,2022-08-01
avg_gasoline_regular,APU000074714,2022,9,M09,3.881,2022-09-01
avg_gasoline_regular,APU000074714,2022,10,M10,4.016,2022-10-01
avg_gasoline_regular,APU000074714,2022,11,M11,3.853,2022-11-01
avg_gasoline_regular,APU000074714,2022,12,M12,3.356,2022-12-01
avg_gasoline_regular,APU000074714,2023,1,M01,3.452,2023-01-01
avg_gasoline_regular,APU000074714,2023,2,M02,3.514,2023-02-01
avg_gasoline_regular,APU000074714,2023,3,M03,3.551,2023-03-01
avg_gasoline_regular,APU000074714,2023,4,M04,3.735,2023-04-01
avg_gasoline_regular,APU000074714,2023,5,M05,3.685,2023-05-01
avg_gasoline_regular,APU000074714,2023,6,M06,3.712,2023-06-01
avg_gasoline_regular,APU000074714,2023,7,M07,3.732,2023-07-01
avg_gasoline_regular,APU000074714,2023,8,M08,3.955,2023-08-01
avg_gasoline_regular,APU000074714,2023,9,M09,3.988,2023-09-01
avg_gasoline_regular,APU000074714,2023,10,M10,3.782,2023-10-01
avg_gasoline_regular,APU000074714,2023,11,M11,3.5,2023-11-01
avg_gasoline_regular,APU000074714,2023,12,M12,3.289,2023-12-01
avg_gasoline_regular,APU000074714,2024,1,M01,3.221,2024-01-01
avg_gasoline_regular,APU000074714,2024,2,M02,3.359,2024-02-01
avg_gasoline_regular,APU000074714,2024,3,M03,3.581,2024-03-01
avg_gasoline_regular,APU000074714,2024,4,M04,3.776,2024-04-01
avg_gasoline_regular,APU000074714,2024,5,M05,3.755,2024-05-01
avg_gasoline_regular,APU000074714,2024,6,M06,3.601,2024-06-01
avg_gasoline_regular,APU000074714,2024,7,M07,3.622,2024-07-01
avg_gasoline_regular,APU000074714,2024,8,M08,3.521,2024-08-01
avg_gasoline_regular,APU000074714,2024,9,M09,3.344,2024-09-01
avg_gasoline_regular,APU000074714,2024,10,M10,3.279,2024-10-01
avg_gasoline_regular,APU000074714,2024,11,M11,3.181,2024-11-01
avg_gasoline_regular,APU000074714,2024,12,M12,3.145,2024-12-01
avg_gasoline_regular,APU000074714,2025,1,M01,3.211,2025-01-01
avg_gasoline_regular,APU000074714,2025,2,M02,3.261,2025-02-01
avg_gasoline_regular,APU000074714,2025,3,M03,3.232,2025-03-01
avg_gasoline_regular,APU000074714,2025,4,M04,3.33,2025-04-01
avg_gasoline_regular,APU000074714,2025,5,M05,3.306,2025-05-01
avg_gasoline_regular,APU000074714,2025,6,M06,3.306,2025-06-01
avg_gasoline_regular,APU000074714,2025,7,M07,3.285,2025-07-01
avg_gasoline_regular,APU000074714,2025,8,M08,3.295,2025-08-01
avg_gasoline_regular,APU000074714,2025,9,M09,3.339,2025-09-01
avg_gasoline_regular,APU000074714,2025,10,M10,3.239,2025-10-01
avg_gasoline_regular,APU000074714,2025,11,M11,3.228,2025-11-01
avg_gasoline_regular,APU000074714,2025,12,M12,3.05,2025-12-01
avg_gasoline_regular,APU000074714,2026,1,M01,2.961,2026-01-01
avg_gasoline_regular,APU000074714,2026,2,M02,3.065,2026-02-01
avg_gasoline_regular,APU000074714,2026,3,M03,3.843,2026-03-01
avg_gasoline_regular,APU000074714,2026,4,M04,4.263,2026-04-01
avg_gasoline_regular,APU000074714,2026,5,M05,4.651,2026-05-01
avg_gasoline_regular,APU000074714,2026,6,M06,4.195,2026-06-01
avg_gasoline_regular,APU000074714,2026,7,M07,4.094,2026-07-01
avg_gasoline_regular,APU000074714,2026,8,M08,4.2,2026-08-01
cpi_w_all_items,CWUR0000SA0,2017,1,M01,236.854,2017-01-01
cpi_w_all_items,CWUR0000SA0,2017,2,M02,237.477,2017-02-01
cpi_w_all_items,CWUR0000SA0,2017,3,M03,237.656,2017-03-01
cpi_w_all_items,CWUR0000SA0,2017,4,M04,238.432,2017-04-01
cpi_w_all_items,CWUR0000SA0,2017,5,M05,238.609,2017-05-01
cpi_w_all_items,CWUR0000SA0,2017,6,M06,238.813,2017-06-01
cpi_w_all_items,CWUR0000SA0,2017,7,M07,238.617,2017-07-01
cpi_w_all_items,CWUR0000SA0,2017,8,M08,239.448,2017-08-01
cpi_w_all_items,CWUR0000SA0,2017,9,M09,240.939,2017-09-01
cpi_w_all_items,CWUR0000SA0,2017,10,M10,240.573,2017-10-01
cpi_w_all_items,CWUR0000SA0,2017,11,M11,240.666,2017-11-01
cpi_w_all_items,CWUR0000SA0,2017,12,M12,240.526,2017-12-01
cpi_w_all_items,CWUR0000SA0,2018,1,M01,241.919,2018-01-01
cpi_w_all_items,CWUR0000SA0,2018,2,M02,242.988,2018-02-01
cpi_w_all_items,CWUR0000SA0,2018,3,M03,243.463,2018-03-01
cpi_w_all_items,CWUR0000SA0,2018,4,M04,244.607,2018-04-01
cpi_w_all_items,CWUR0000SA0,2018,5,M05,245.77,2018-05-01
cpi_w_all_items,CWUR0000SA0,2018,6,M06,246.196,2018-06-01
cpi_w_all_items,CWUR0000SA0,2018,7,M07,246.155,2018-07-01
cpi_w_all_items,CWUR0000SA0,2018,8,M08,246.336,2018-08-01
cpi_w_all_items,CWUR0000SA0,2018,9,M09,246.565,2018-09-01
cpi_w_all_items,CWUR0000SA0,2018,10,M10,247.038,2018-10-01
cpi_w_all_items,CWUR0000SA0,2018,11,M11,245.933,2018-11-01
cpi_w_all_items,CWUR0000SA0,2018,12,M12,244.786,2018-12-01
cpi_w_all_items,CWUR0000SA0,2019,1,M01,245.133,2019-01-01
cpi_w_all_items,CWUR0000SA0,2019,2,M02,246.218,2019-02-01
cpi_w_all_items,CWUR0000SA0,2019,3,M03,247.768,2019-03-01
cpi_w_all_items,CWUR0000SA0,2019,4,M04,249.332,2019-04-01
cpi_w_all_items,CWUR0000SA0,2019,5,M05,249.871,2019-05-01
cpi_w_all_items,CWUR0000SA0,2019,6,M06,249.747,2019-06-01
cpi_w_all_items,CWUR0000SA0,2019,7,M07,250.236,2019-07-01
cpi_w_all_items,CWUR0000SA0,2019,8,M08,250.112,2019-08-01
cpi_w_all_items,CWUR0000SA0,2019,9,M09,250.251,2019-09-01
cpi_w_all_items,CWUR0000SA0,2019,10,M10,250.894,2019-10-01
cpi_w_all_items,CWUR0000SA0,2019,11,M11,250.644,2019-11-01
cpi_w_all_items,CWUR0000SA0,2019,12,M12,250.452,2019-12-01
cpi_w_all_items,CWUR0000SA0,2020,1,M01,251.361,2020-01-01
cpi_w_all_items,CWUR0000SA0,2020,2,M02,251.935,2020-02-01
cpi_w_all_items,CWUR0000SA0,2020,3,M03,251.375,2020-03-01
cpi_w_all_items,CWUR0000SA0,2020,4,M04,249.515,2020-04-01
cpi_w_all_items,CWUR0000SA0,2020,5,M05,249.521,2020-05-01
cpi_w_all_items,CWUR0000SA0,2020,6,M06,251.054,2020-06-01
cpi_w_all_items,CWUR0000SA0,2020,7,M07,252.636,2020-07-01
cpi_w_all_items,CWUR0000SA0,2020,8,M08,253.597,2020-08-01
cpi_w_all_items,CWUR0000SA0,2020,9,M09,254.004,2020-09-01
cpi_w_all_items,CWUR0000SA0,2020,10,M10,254.076,2020-10-01
cpi_w_all_items,CWUR0000SA0,2020,11,M11,253.826,2020-11-01
cpi_w_all_items,CWUR0000SA0,2020,12,M12,254.081,2020-12-01
cpi_w_all_items,CWUR0000SA0,2021,1,M01,255.296,2021-01-01
cpi_w_all_items,CWUR0000SA0,2021,2,M02,256.843,2021-02-01
cpi_w_all_items,CWUR0000SA0,2021,3,M03,258.935,2021-03-01
cpi_w_all_items,CWUR0000SA0,2021,4,M04,261.237,2021-04-01
cpi_w_all_items,CWUR0000SA0,2021,5,M05,263.612,2021-05-01
cpi_w_all_items,CWUR0000SA0,2021,6,M06,266.412,2021-06-01
cpi_w_all_items,CWUR0000SA0,2021,7,M07,267.789,2021-07-01
cpi_w_all_items,CWUR0000SA0,2021,8,M08,268.387,2021-08-01
cpi_w_all_items,CWUR0000SA0,2021,9,M09,269.086,2021-09-01
cpi_w_all_items,CWUR0000SA0,2021,10,M10,271.552,2021-10-01
cpi_w_all_items,CWUR0000SA0,2021,11,M11,273.042,2021-11-01
cpi_w_all_items,CWUR0000SA0,2021,12,M12,273.925,2021-12-01
cpi_w_all_items,CWUR0000SA0,2022,1,M01,276.296,2022-01-01
cpi_w_all_items,CWUR0000SA0,2022,2,M02,278.943,2022-02-01
cpi_w_all_items,CWUR0000SA0,2022,3,M03,283.176,2022-03-01
cpi_w_all_items,CWUR0000SA0,2022,4,M04,284.575,2022-04-01
cpi_w_all_items,CWUR0000SA0,2022,5,M05,288.022,2022-05-01
cpi_w_all_items,CWUR0000SA0,2022,6,M06,292.542,2022-06-01
cpi_w_all_items,CWUR0000SA0,2022,7,M07,292.219,2022-07-01
cpi_w_all_items,CWUR0000SA0,2022,8,M08,291.629,2022-08-01
cpi_w_all_items,CWUR0000SA0,2022,9,M09,291.854,2022-09-01
cpi_w_all_items,CWUR0000SA0,2022,10,M10,293.003,2022-10-01
cpi_w_all_items,CWUR0000SA0,2022,11,M11,292.495,2022-11-01
cpi_w_all_items,CWUR0000SA0,2022,12,M12,291.051,2022-12-01
cpi_w_all_items,CWUR0000SA0,2023,1,M01,293.565,2023-01-01
cpi_w_all_items,CWUR0000SA0,2023,2,M02,295.057,2023-02-01
cpi_w_all_items,CWUR0000SA0,2023,3,M03,296.021,2023-03-01
cpi_w_all_items,CWUR0000SA0,2023,4,M04,297.73,2023-04-01
cpi_w_all_items,CWUR0000SA0,2023,5,M05,298.382,2023-05-01
cpi_w_all_items,CWUR0000SA0,2023,6,M06,299.394,2023-06-01
cpi_w_all_items,CWUR0000SA0,2023,7,M07,299.899,2023-07-01
cpi_w_all_items,CWUR0000SA0,2023,8,M08,301.551,2023-08-01
cpi_w_all_items,CWUR0000SA0,2023,9,M09,302.257,2023-09-01
cpi_w_all_items,CWUR0000SA0,2023,10,M10,302.071,2023-10-01
cpi_w_all_items,CWUR0000SA0,2023,11,M11,301.224,2023-11-01
cpi_w_all_items,CWUR0000SA0,2023,12,M12,300.728,2023-12-01
cpi_w_all_items,CWUR0000SA0,2024,1,M01,302.201,2024-01-01
cpi_w_all_items,CWUR0000SA0,2024,2,M02,304.284,2024-02-01
cpi_w_all_items,CWUR0000SA0,2024,3,M03,306.502,2024-03-01
cpi_w_all_items,CWUR0000SA0,2024,4,M04,307.811,2024-04-01
cpi_w_all_items,CWUR0000SA0,2024,5,M05,308.163,2024-05-01
cpi_w_all_items,CWUR0000SA0,2024,6,M06,308.054,2024-06-01
cpi_w_all_items,CWUR0000SA0,2024,7,M07,308.501,2024-07-01
cpi_w_all_items,CWUR0000SA0,2024,8,M08,308.64,2024-08-01
cpi_w_all_items,CWUR0000SA0,2024,9,M09,309.046,2024-09-01
cpi_w_all_items,CWUR0000SA0,2024,10,M10,309.358,2024-10-01
cpi_w_all_items,CWUR0000SA0,2024,11,M11,308.998,2024-11-01
cpi_w_all_items,CWUR0000SA0,2024,12,M12,309.067,2024-12-01
cpi_w_all_items,CWUR0000SA0,2025,1,M01,311.172,2025-01-01
cpi_w_all_items,CWUR0000SA0,2025,2,M02,312.46,2025-02-01
cpi_w_all_items,CWUR0000SA0,2025,3,M03,313.25,2025-03-01
cpi_w_all_items,CWUR0000SA0,2025,4,M04,314.243,2025-04-01
cpi_w_all_items,CWUR0000SA0,2025,5,M05,314.839,2025-05-01
cpi_w_all_items,CWUR0000SA0,2025,6,M06,315.945,2025-06-01
cpi_w_all_items,CWUR0000SA0,2025,7,M07,316.349,2025-07-01
cpi_w_all_items,CWUR0000SA0,2025,8,M08,317.306,2025-08-01
cpi_w_all_items,CWUR0000SA0,2025,9,M09,318.139,2025-09-01
cpi_w_all_items,CWUR0000SA0,2025,11,M11,317.414,2025-11-01
cpi_w_all_items,CWUR0000SA0,2025,12,M12,317.014,2025-12-01
cpi_w_all_items,CWUR0000SA0,2026,1,M01,317.942,2026-01-01
cpi_w_all_items,CWUR0000SA0,2026,2,M02,319.422,2026-02-01
cpi_w_all_items,CWUR0000SA0,2026,3,M03,323.5,2026-03-01
cpi_w_all_items,CWUR0000SA0,2026,4,M04,326.541,2026-04-01
cpi_w_all_items,CWUR0000SA0,2026,5,M05,328.829,2026-05-01
cpi_w_all_items,CWUR0000SA0,2026,6,M06,327.075,2026-06-01
cpi_w_all_items,CWUR0000SA0,2026,7,M07,327.104,2026-07-01
cpi_w_all_items,CWUR0000SA0,2026,8,M08,328.481,2026-08-01
cpi_w_core,CWUR0000SA0L1E,2017,1,M01,242.096,2017-01-01
cpi_w_core,CWUR0000SA0L1E,2017,2,M02,243.041,2017-02-01
cpi_w_core,CWUR0000SA0L1E,2017,3,M03,243.135,2017-03-01
cpi_w_core,CWUR0000SA0L1E,2017,4,M04,243.46,2017-04-01
cpi_w_core,CWUR0000SA0L1E,2017,5,M05,243.628,2017-05-01
cpi_w_core,CWUR0000SA0L1E,2017,6,M06,243.754,2017-06-01
cpi_w_core,CWUR0000SA0L1E,2017,7,M07,243.685,2017-07-01
cpi_w_core,CWUR0000SA0L1E,2017,8,M08,244.234,2017-08-01
cpi_w_core,CWUR0000SA0L1E,2017,9,M09,244.682,2017-09-01
cpi_w_core,CWUR0000SA0L1E,2017,10,M10,245.367,2017-10-01
cpi_w_core,CWUR0000SA0L1E,2017,11,M11,245.273,2017-11-01
cpi_w_core,CWUR0000SA0L1E,2017,12,M12,245.462,2017-12-01
cpi_w_core,CWUR0000SA0L1E,2018,1,M01,246.508,2018-01-01
cpi_w_core,CWUR0000SA0L1E,2018,2,M02,247.548,2018-02-01
cpi_w_core,CWUR0000SA0L1E,2018,3,M03,248.301,2018-03-01
cpi_w_core,CWUR0000SA0L1E,2018,4,M04,248.681,2018-04-01
cpi_w_core,CWUR0000SA0L1E,2018,5,M05,249.029,2018-05-01
cpi_w_core,CWUR0000SA0L1E,2018,6,M06,249.229,2018-06-01
cpi_w_core,CWUR0000SA0L1E,2018,7,M07,249.405,2018-07-01
cpi_w_core,CWUR0000SA0L1E,2018,8,M08,249.601,2018-08-01
cpi_w_core,CWUR0000SA0L1E,2018,9,M09,249.954,2018-09-01
cpi_w_core,CWUR0000SA0L1E,2018,10,M10,250.663,2018-10-01
cpi_w_core,CWUR0000SA0L1E,2018,11,M11,250.726,2018-11-01
cpi_w_core,CWUR0000SA0L1E,2018,12,M12,250.619,2018-12-01
cpi_w_core,CWUR0000SA0L1E,2019,1,M01,251.657,2019-01-01
cpi_w_core,CWUR0000SA0L1E,2019,2,M02,252.615,2019-02-01
cpi_w_core,CWUR0000SA0L1E,2019,3,M03,253.19,2019-03-01
cpi_w_core,CWUR0000SA0L1E,2019,4,M04,253.599,2019-04-01
cpi_w_core,CWUR0000SA0L1E,2019,5,M05,253.749,2019-05-01
cpi_w_core,CWUR0000SA0L1E,2019,6,M06,254.301,2019-06-01
cpi_w_core,CWUR0000SA0L1E,2019,7,M07,254.726,2019-07-01
cpi_w_core,CWUR0000SA0L1E,2019,8,M08,255.39,2019-08-01
cpi_w_core,CWUR0000SA0L1E,2019,9,M09,255.726,2019-09-01
cpi_w_core,CWUR0000SA0L1E,2019,10,M10,256.315,2019-10-01
cpi_w_core,CWUR0000SA0L1E,2019,11,M11,256.324,2019-11-01
cpi_w_core,CWUR0000SA0L1E,2019,12,M12,256.257,2019-12-01
cpi_w_core,CWUR0000SA0L1E,2020,1,M01,257.223,2020-01-01
cpi_w_core,CWUR0000SA0L1E,2020,2,M02,258.445,2020-02-01
cpi_w_core,CWUR0000SA0L1E,2020,3,M03,258.693,2020-03-01
cpi_w_core,CWUR0000SA0L1E,2020,4,M04,257.569,2020-04-01
cpi_w_core,CWUR0000SA0L1E,2020,5,M05,257.159,2020-05-01
cpi_w_core,CWUR0000SA0L1E,2020,6,M06,257.593,2020-06-01
cpi_w_core,CWUR0000SA0L1E,2020,7,M07,259.318,2020-07-01
cpi_w_core,CWUR0000SA0L1E,2020,8,M08,260.606,2020-08-01
cpi_w_core,CWUR0000SA0L1E,2020,9,M09,260.955,2020-09-01
cpi_w_core,CWUR0000SA0L1E,2020,10,M10,261.236,2020-10-01
cpi_w_core,CWUR0000SA0L1E,2020,11,M11,261.384,2020-11-01
cpi_w_core,CWUR0000SA0L1E,2020,12,M12,261.052,2020-12-01
cpi_w_core,CWUR0000SA0L1E,2021,1,M01,261.544,2021-01-01
cpi_w_core,CWUR0000SA0L1E,2021,2,M02,262.446,2021-02-01
cpi_w_core,CWUR0000SA0L1E,2021,3,M03,263.45,2021-03-01
cpi_w_core,CWUR0000SA0L1E,2021,4,M04,265.831,2021-04-01
cpi_w_core,CWUR0000SA0L1E,2021,5,M05,267.936,2021-05-01
cpi_w_core,CWUR0000SA0L1E,2021,6,M06,270.573,2021-06-01
cpi_w_core,CWUR0000SA0L1E,2021,7,M07,271.46,2021-07-01
cpi_w_core,CWUR0000SA0L1E,2021,8,M08,271.847,2021-08-01
cpi_w_core,CWUR0000SA0L1E,2021,9,M09,272.092,2021-09-01
cpi_w_core,CWUR0000SA0L1E,2021,10,M10,273.968,2021-10-01
cpi_w_core,CWUR0000SA0L1E,2021,11,M11,275.218,2021-11-01
cpi_w_core,CWUR0000SA0L1E,2021,12,M12,276.538,2021-12-01
cpi_w_core,CWUR0000SA0L1E,2022,1,M01,278.665,2022-01-01
cpi_w_core,CWUR0000SA0L1E,2022,2,M02,280.639,2022-02-01
cpi_w_core,CWUR0000SA0L1E,2022,3,M03,281.553,2022-03-01
cpi_w_core,CWUR0000SA0L1E,2022,4,M04,282.873,2022-04-01
cpi_w_core,CWUR0000SA0L1E,2022,5,M05,284.413,2022-05-01
cpi_w_core,CWUR0000SA0L1E,2022,6,M06,286.616,2022-06-01
cpi_w_core,CWUR0000SA0L1E,2022,7,M07,287.673,2022-07-01
cpi_w_core,CWUR0000SA0L1E,2022,8,M08,289.25,2022-08-01
cpi_w_core,CWUR0000SA0L1E,2022,9,M09,290.224,2022-09-01
cpi_w_core,CWUR0000SA0L1E,2022,10,M10,290.934,2022-10-01
cpi_w_core,CWUR0000SA0L1E,2022,11,M11,291.255,2022-11-01
cpi_w_core,CWUR0000SA0L1E,2022,12,M12,291.691,2022-12-01
cpi_w_core,CWUR0000SA0L1E,2023,1,M01,293.521,2023-01-01
cpi_w_core,CWUR0000SA0L1E,2023,2,M02,295.381,2023-02-01
cpi_w_core,CWUR0000SA0L1E,2023,3,M03,296.808,2023-03-01
cpi_w_core,CWUR0000SA0L1E,2023,4,M04,298.232,2023-04-01
cpi_w_core,CWUR0000SA0L1E,2023,5,M05,299.381,2023-05-01
cpi_w_core,CWUR0000SA0L1E,2023,6,M06,300.176,2023-06-01
cpi_w_core,CWUR0000SA0L1E,2023,7,M07,300.535,2023-07-01
cpi_w_core,CWUR0000SA0L1E,2023,8,M08,301.393,2023-08-01
cpi_w_core,CWUR0000SA0L1E,2023,9,M09,302.026,2023-09-01
cpi_w_core,CWUR0000SA0L1E,2023,10,M10,302.768,2023-10-01
cpi_w_core,CWUR0000SA0L1E,2023,11,M11,303.034,2023-11-01
cpi_w_core,CWUR0000SA0L1E,2023,12,M12,303.323,2023-12-01
cpi_w_core,CWUR0000SA0L1E,2024,1,M01,304.794,2024-01-01
cpi_w_core,CWUR0000SA0L1E,2024,2,M02,306.697,2024-02-01
cpi_w_core,CWUR0000SA0L1E,2024,3,M03,308.358,2024-03-01
cpi_w_core,CWUR0000SA0L1E,2024,4,M04,309.192,2024-04-01
cpi_w_core,CWUR0000SA0L1E,2024,5,M05,309.69,2024-05-01
cpi_w_core,CWUR0000SA0L1E,2024,6,M06,309.964,2024-06-01
cpi_w_core,CWUR0000SA0L1E,2024,7,M07,310.228,2024-07-01
cpi_w_core,CWUR0000SA0L1E,2024,8,M08,311.067,2024-08-01
cpi_w_core,CWUR0000SA0L1E,2024,9,M09,312.237,2024-09-01
cpi_w_core,CWUR0000SA0L1E,2024,10,M10,312.914,2024-10-01
cpi_w_core,CWUR0000SA0L1E,2024,11,M11,313.039,2024-11-01
cpi_w_core,CWUR0000SA0L1E,2024,12,M12,313.063,2024-12-01
cpi_w_core,CWUR0000SA0L1E,2025,1,M01,314.858,2025-01-01
cpi_w_core,CWUR0000SA0L1E,2025,2,M02,316.084,2025-02-01
cpi_w_core,CWUR0000SA0L1E,2025,3,M03,316.825,2025-03-01
cpi_w_core,CWUR0000SA0L1E,2025,4,M04,317.593,2025-04-01
cpi_w_core,CWUR0000SA0L1E,2025,5,M05,318.247,2025-05-01
cpi_w_core,CWUR0000SA0L1E,2025,6,M06,319.092,2025-06-01
cpi_w_core,CWUR0000SA0L1E,2025,7,M07,319.66,2025-07-01
cpi_w_core,CWUR0000SA0L1E,2025,8,M08,320.679,2025-08-01
cpi_w_core,CWUR0000SA0L1E,2025,9,M09,321.493,2025-09-01
cpi_w_core,CWUR0000SA0L1E,2025,11,M11,321.178,2025-11-01
cpi_w_core,CWUR0000SA0L1E,2025,12,M12,321.081,2025-12-01
cpi_w_core,CWUR0000SA0L1E,2026,1,M01,322.31,2026-01-01
cpi_w_core,CWUR0000SA0L1E,2026,2,M02,323.327,2026-02-01
cpi_w_core,CWUR0000SA0L1E,2026,3,M03,324.299,2026-03-01
cpi_w_core,CWUR0000SA0L1E,2026,4,M04,325.392,2026-04-01
cpi_w_core,CWUR0000SA0L1E,2026,5,M05,326.136,2026-05-01
cpi_w_core,CWUR0000SA0L1E,2026,6,M06,326.108,2026-06-01
cpi_w_core,CWUR0000SA0L1E,2026,7,M07,326.541,2026-07-01
cpi_w_core,CWUR0000SA0L1E,2026,8,M08,327.677,2026-08-01
cpi_w_gasoline,CWUR0000SETB01,2017,1,M01,207.102,2017-01-01
cpi_w_gasoline,CWUR0000SETB01,2017,2,M02,202.686,2017-02-01
cpi_w_gasoline,CWUR0000SETB01,2017,3,M03,205.068,2017-03-01
cpi_w_gasoline,CWUR0000SETB01,2017,4,M04,213.339,2017-04-01
cpi_w_gasoline,CWUR0000SETB01,2017,5,M05,210.191,2017-05-01
cpi_w_gasoline,CWUR0000SETB01,2017,6,M06,206.532,2017-06-01
cpi_w_gasoline,CWUR0000SETB01,2017,7,M07,201.856,2017-07-01
cpi_w_gasoline,CWUR0000SETB01,2017,8,M08,209.814,2017-08-01
cpi_w_gasoline,CWUR0000SETB01,2017,9,M09,231.984,2017-09-01
cpi_w_gasoline,CWUR0000SETB01,2017,10,M10,219.387,2017-10-01
cpi_w_gasoline,CWUR0000SETB01,2017,11,M11,225.019,2017-11-01
cpi_w_gasoline,CWUR0000SETB01,2017,12,M12,217.427,2017-12-01
cpi_w_gasoline,CWUR0000SETB01,2018,1,M01,224.589,2018-01-01
cpi_w_gasoline,CWUR0000SETB01,2018,2,M02,228.051,2018-02-01
cpi_w_gasoline,CWUR0000SETB01,2018,3,M03,227.64,2018-03-01
cpi_w_gasoline,CWUR0000SETB01,2018,4,M04,241.9,2018-04-01
cpi_w_gasoline,CWUR0000SETB01,2018,5,M05,256.298,2018-05-01
cpi_w_gasoline,CWUR0000SETB01,2018,6,M06,257.11,2018-06-01
cpi_w_gasoline,CWUR0000SETB01,2018,7,M07,253.276,2018-07-01
cpi_w_gasoline,CWUR0000SETB01,2018,8,M08,252.361,2018-08-01
cpi_w_gasoline,CWUR0000SETB01,2018,9,M09,253.203,2018-09-01
cpi_w_gasoline,CWUR0000SETB01,2018,10,M10,254.589,2018-10-01
cpi_w_gasoline,CWUR0000SETB01,2018,11,M11,235.62,2018-11-01
cpi_w_gasoline,CWUR0000SETB01,2018,12,M12,212.157,2018-12-01
cpi_w_gasoline,CWUR0000SETB01,2019,1,M01,201.264,2019-01-01
cpi_w_gasoline,CWUR0000SETB01,2019,2,M02,207.178,2019-02-01
cpi_w_gasoline,CWUR0000SETB01,2019,3,M03,226.102,2019-03-01
cpi_w_gasoline,CWUR0000SETB01,2019,4,M04,249.551,2019-04-01
cpi_w_gasoline,CWUR0000SETB01,2019,5,M05,255.623,2019-05-01
cpi_w_gasoline,CWUR0000SETB01,2019,6,M06,242.96,2019-06-01
cpi_w_gasoline,CWUR0000SETB01,2019,7,M07,245.077,2019-07-01
cpi_w_gasoline,CWUR0000SETB01,2019,8,M08,234.608,2019-08-01
cpi_w_gasoline,CWUR0000SETB01,2019,9,M09,232.443,2019-09-01
cpi_w_gasoline,CWUR0000SETB01,2019,10,M10,235.838,2019-10-01
cpi_w_gasoline,CWUR0000SETB01,2019,11,M11,233.09,2019-11-01
cpi_w_gasoline,CWUR0000SETB01,2019,12,M12,229.424,2019-12-01
cpi_w_gasoline,CWUR0000SETB01,2020,1,M01,227.623,2020-01-01
cpi_w_gasoline,CWUR0000SETB01,2020,2,M02,218.983,2020-02-01
cpi_w_gasoline,CWUR0000SETB01,2020,3,M03,202.758,2020-03-01
cpi_w_gasoline,CWUR0000SETB01,2020,4,M04,169.02,2020-04-01
cpi_w_gasoline,CWUR0000SETB01,2020,5,M05,168.977,2020-05-01
cpi_w_gasoline,CWUR0000SETB01,2020,6,M06,185.953,2020-06-01
cpi_w_gasoline,CWUR0000SETB01,2020,7,M07,194.871,2020-07-01
cpi_w_gasoline,CWUR0000SETB01,2020,8,M08,194.917,2020-08-01
cpi_w_gasoline,CWUR0000SETB01,2020,9,M09,196.362,2020-09-01
cpi_w_gasoline,CWUR0000SETB01,2020,10,M10,193.274,2020-10-01
cpi_w_gasoline,CWUR0000SETB01,2020,11,M11,187.943,2020-11-01
cpi_w_gasoline,CWUR0000SETB01,2020,12,M12,194.368,2020-12-01
cpi_w_gasoline,CWUR0000SETB01,2021,1,M01,207.908,2021-01-01
cpi_w_gasoline,CWUR0000SETB01,2021,2,M02,222.323,2021-02-01
cpi_w_gasoline,CWUR0000SETB01,2021,3,M03,248.285,2021-03-01
cpi_w_gasoline,CWUR0000SETB01,2021,4,M04,253.384,2021-04-01
cpi_w_gasoline,CWUR0000SETB01,2021,5,M05,263.943,2021-05-01
cpi_w_gasoline,CWUR0000SETB01,2021,6,M06,269.798,2021-06-01
cpi_w_gasoline,CWUR0000SETB01,2021,7,M07,276.493,2021-07-01
cpi_w_gasoline,CWUR0000SETB01,2021,8,M08,278.142,2021-08-01
cpi_w_gasoline,CWUR0000SETB01,2021,9,M09,279.024,2021-09-01
cpi_w_gasoline,CWUR0000SETB01,2021,10,M10,289.136,2021-10-01
cpi_w_gasoline,CWUR0000SETB01,2021,11,M11,297.079,2021-11-01
cpi_w_gasoline,CWUR0000SETB01,2021,12,M12,290.469,2021-12-01
cpi_w_gasoline,CWUR0000SETB01,2022,1,M01,290.957,2022-01-01
cpi_w_gasoline,CWUR0000SETB01,2022,2,M02,306.452,2022-02-01
cpi_w_gasoline,CWUR0000SETB01,2022,3,M03,367.274,2022-03-01
cpi_w_gasoline,CWUR0000SETB01,2022,4,M04,363.811,2022-04-01
cpi_w_gasoline,CWUR0000SETB01,2022,5,M05,391.948,2022-05-01
cpi_w_gasoline,CWUR0000SETB01,2022,6,M06,430.845,2022-06-01
cpi_w_gasoline,CWUR0000SETB01,2022,7,M07,397.552,2022-07-01
cpi_w_gasoline,CWUR0000SETB01,2022,8,M08,349.1,2022-08-01
cpi_w_gasoline,CWUR0000SETB01,2022,9,M09,330.232,2022-09-01
cpi_w_gasoline,CWUR0000SETB01,2022,10,M10,341.061,2022-10-01
cpi_w_gasoline,CWUR0000SETB01,2022,11,M11,327.46,2022-11-01
cpi_w_gasoline,CWUR0000SETB01,2022,12,M12,286.185,2022-12-01
cpi_w_gasoline,CWUR0000SETB01,2023,1,M01,295.976,2023-01-01
cpi_w_gasoline,CWUR0000SETB01,2023,2,M02,300.937,2023-02-01
cpi_w_gasoline,CWUR0000SETB01,2023,3,M03,304.43,2023-03-01
cpi_w_gasoline,CWUR0000SETB01,2023,4,M04,320.637,2023-04-01
cpi_w_gasoline,CWUR0000SETB01,2023,5,M05,315.73,2023-05-01
cpi_w_gasoline,CWUR0000SETB01,2023,6,M06,317.958,2023-06-01
cpi_w_gasoline,CWUR0000SETB01,2023,7,M07,319.628,2023-07-01
cpi_w_gasoline,CWUR0000SETB01,2023,8,M08,338.678,2023-08-01
cpi_w_gasoline,CWUR0000SETB01,2023,9,M09,340.606,2023-09-01
cpi_w_gasoline,CWUR0000SETB01,2023,10,M10,322.18,2023-10-01
cpi_w_gasoline,CWUR0000SETB01,2023,11,M11,298.477,2023-11-01
cpi_w_gasoline,CWUR0000SETB01,2023,12,M12,281.028,2023-12-01
cpi_w_gasoline,CWUR0000SETB01,2024,1,M01,277.077,2024-01-01
cpi_w_gasoline,CWUR0000SETB01,2024,2,M02,289.278,2024-02-01
cpi_w_gasoline,CWUR0000SETB01,2024,3,M03,308.318,2024-03-01
cpi_w_gasoline,CWUR0000SETB01,2024,4,M04,324.366,2024-04-01
cpi_w_gasoline,CWUR0000SETB01,2024,5,M05,322.647,2024-05-01
cpi_w_gasoline,CWUR0000SETB01,2024,6,M06,309.814,2024-06-01
cpi_w_gasoline,CWUR0000SETB01,2024,7,M07,312.322,2024-07-01
cpi_w_gasoline,CWUR0000SETB01,2024,8,M08,303.645,2024-08-01
cpi_w_gasoline,CWUR0000SETB01,2024,9,M09,288.421,2024-09-01
cpi_w_gasoline,CWUR0000SETB01,2024,10,M10,283.236,2024-10-01
cpi_w_gasoline,CWUR0000SETB01,2024,11,M11,274.637,2024-11-01
cpi_w_gasoline,CWUR0000SETB01,2024,12,M12,271.507,2024-12-01
cpi_w_gasoline,CWUR0000SETB01,2025,1,M01,276.585,2025-01-01
cpi_w_gasoline,CWUR0000SETB01,2025,2,M02,280.197,2025-02-01
cpi_w_gasoline,CWUR0000SETB01,2025,3,M03,277.859,2025-03-01
cpi_w_gasoline,CWUR0000SETB01,2025,4,M04,286.134,2025-04-01
cpi_w_gasoline,CWUR0000SETB01,2025,5,M05,284.287,2025-05-01
cpi_w_gasoline,CWUR0000SETB01,2025,6,M06,284.525,2025-06-01
cpi_w_gasoline,CWUR0000SETB01,2025,7,M07,282.791,2025-07-01
cpi_w_gasoline,CWUR0000SETB01,2025,8,M08,283.796,2025-08-01
cpi_w_gasoline,CWUR0000SETB01,2025,9,M09,287.151,2025-09-01
cpi_w_gasoline,CWUR0000SETB01,2025,10,M10,278.405,2025-10-01
cpi_w_gasoline,CWUR0000SETB01,2025,11,M11,277.582,2025-11-01
cpi_w_gasoline,CWUR0000SETB01,2025,12,M12,262.029,2025-12-01
cpi_w_gasoline,CWUR0000SETB01,2026,1,M01,255.394,2026-01-01
cpi_w_gasoline,CWUR0000SETB01,2026,2,M02,264.098,2026-02-01
cpi_w_gasoline,CWUR0000SETB01,2026,3,M03,330.795,2026-03-01
cpi_w_gasoline,CWUR0000SETB01,2026,4,M04,367.73,2026-04-01
cpi_w_gasoline,CWUR0000SETB01,2026,5,M05,399.933,2026-05-01
cpi_w_gasoline,CWUR0000SETB01,2026,6,M06,360.095,2026-06-01
cpi_w_gasoline,CWUR0000SETB01,2026,7,M07,352.731,2026-07-01
cpi_w_gasoline,CWUR0000SETB01,2026,8,M08,362.277,2026-08-01
cpi_w_motor_fuel,CWUR0000SETB,2017,1,M01,207.914,2017-01-01
cpi_w_motor_fuel,CWUR0000SETB,2017,2,M02,203.527,2017-02-01
cpi_w_motor_fuel,CWUR0000SETB,2017,3,M03,205.894,2017-03-01
cpi_w_motor_fuel,CWUR0000SETB,2017,4,M04,214.098,2017-04-01
cpi_w_motor_fuel,CWUR0000SETB,2017,5,M05,210.957,2017-05-01
cpi_w_motor_fuel,CWUR0000SETB,2017,6,M06,207.304,2017-06-01
cpi_w_motor_fuel,CWUR0000SETB,2017,7,M07,202.627,2017-07-01
cpi_w_motor_fuel,CWUR0000SETB,2017,8,M08,210.585,2017-08-01
cpi_w_motor_fuel,CWUR0000SETB,2017,9,M09,232.769,2017-09-01
cpi_w_motor_fuel,CWUR0000SETB,2017,10,M10,220.309,2017-10-01
cpi_w_motor_fuel,CWUR0000SETB,2017,11,M11,225.982,2017-11-01
cpi_w_motor_fuel,CWUR0000SETB,2017,12,M12,218.477,2017-12-01
cpi_w_motor_fuel,CWUR0000SETB,2018,1,M01,225.656,2018-01-01
cpi_w_motor_fuel,CWUR0000SETB,2018,2,M02,229.148,2018-02-01
cpi_w_motor_fuel,CWUR0000SETB,2018,3,M03,228.694,2018-03-01
cpi_w_motor_fuel,CWUR0000SETB,2018,4,M04,242.856,2018-04-01
cpi_w_motor_fuel,CWUR0000SETB,2018,5,M05,257.236,2018-05-01
cpi_w_motor_fuel,CWUR0000SETB,2018,6,M06,258.126,2018-06-01
cpi_w_motor_fuel,CWUR0000SETB,2018,7,M07,254.327,2018-07-01
cpi_w_motor_fuel,CWUR0000SETB,2018,8,M08,253.399,2018-08-01
cpi_w_motor_fuel,CWUR0000SETB,2018,9,M09,254.272,2018-09-01
cpi_w_motor_fuel,CWUR0000SETB,2018,10,M10,255.769,2018-10-01
cpi_w_motor_fuel,CWUR0000SETB,2018,11,M11,237.01,2018-11-01
cpi_w_motor_fuel,CWUR0000SETB,2018,12,M12,213.674,2018-12-01
cpi_w_motor_fuel,CWUR0000SETB,2019,1,M01,202.715,2019-01-01
cpi_w_motor_fuel,CWUR0000SETB,2019,2,M02,208.497,2019-02-01
cpi_w_motor_fuel,CWUR0000SETB,2019,3,M03,227.272,2019-03-01
cpi_w_motor_fuel,CWUR0000SETB,2019,4,M04,250.465,2019-04-01
cpi_w_motor_fuel,CWUR0000SETB,2019,5,M05,256.526,2019-05-01
cpi_w_motor_fuel,CWUR0000SETB,2019,6,M06,243.949,2019-06-01
cpi_w_motor_fuel,CWUR0000SETB,2019,7,M07,245.984,2019-07-01
cpi_w_motor_fuel,CWUR0000SETB,2019,8,M08,235.591,2019-08-01
cpi_w_motor_fuel,CWUR0000SETB,2019,9,M09,233.463,2019-09-01
cpi_w_motor_fuel,CWUR0000SETB,2019,10,M10,236.882,2019-10-01
cpi_w_motor_fuel,CWUR0000SETB,2019,11,M11,234.235,2019-11-01
cpi_w_motor_fuel,CWUR0000SETB,2019,12,M12,230.617,2019-12-01
cpi_w_motor_fuel,CWUR0000SETB,2020,1,M01,228.823,2020-01-01
cpi_w_motor_fuel,CWUR0000SETB,2020,2,M02,220.156,2020-02-01
cpi_w_motor_fuel,CWUR0000SETB,2020,3,M03,203.92,2020-03-01
cpi_w_motor_fuel,CWUR0000SETB,2020,4,M04,170.364,2020-04-01
cpi_w_motor_fuel,CWUR0000SETB,2020,5,M05,170.212,2020-05-01
cpi_w_motor_fuel,CWUR0000SETB,2020,6,M06,186.923,2020-06-01
cpi_w_motor_fuel,CWUR0000SETB,2020,7,M07,195.697,2020-07-01
cpi_w_motor_fuel,CWUR0000SETB,2020,8,M08,195.722,2020-08-01
cpi_w_motor_fuel,CWUR0000SETB,2020,9,M09,197.134,2020-09-01
cpi_w_motor_fuel,CWUR0000SETB,2020,10,M10,194.038,2020-10-01
cpi_w_motor_fuel,CWUR0000SETB,2020,11,M11,188.778,2020-11-01
cpi_w_motor_fuel,CWUR0000SETB,2020,12,M12,195.264,2020-12-01
cpi_w_motor_fuel,CWUR0000SETB,2021,1,M01,208.794,2021-01-01
cpi_w_motor_fuel,CWUR0000SETB,2021,2,M02,223.208,2021-02-01
cpi_w_motor_fuel,CWUR0000SETB,2021,3,M03,249.2,2021-03-01
cpi_w_motor_fuel,CWUR0000SETB,2021,4,M04,254.314,2021-04-01
cpi_w_motor_fuel,CWUR0000SETB,2021,5,M05,264.8,2021-05-01
cpi_w_motor_fuel,CWUR0000SETB,2021,6,M06,270.694,2021-06-01
cpi_w_motor_fuel,CWUR0000SETB,2021,7,M07,277.362,2021-07-01
cpi_w_motor_fuel,CWUR0000SETB,2021,8,M08,279.014,2021-08-01
cpi_w_motor_fuel,CWUR0000SETB,2021,9,M09,279.924,2021-09-01
cpi_w_motor_fuel,CWUR0000SETB,2021,10,M10,290.172,2021-10-01
cpi_w_motor_fuel,CWUR0000SETB,2021,11,M11,298.206,2021-11-01
cpi_w_motor_fuel,CWUR0000SETB,2021,12,M12,291.646,2021-12-01
cpi_w_motor_fuel,CWUR0000SETB,2022,1,M01,292.153,2022-01-01
cpi_w_motor_fuel,CWUR0000SETB,2022,2,M02,307.739,2022-02-01
cpi_w_motor_fuel,CWUR0000SETB,2022,3,M03,368.977,2022-03-01
cpi_w_motor_fuel,CWUR0000SETB,2022,4,M04,365.994,2022-04-01
cpi_w_motor_fuel,CWUR0000SETB,2022,5,M05,394.293,2022-05-01
cpi_w_motor_fuel,CWUR0000SETB,2022,6,M06,432.976,2022-06-01
cpi_w_motor_fuel,CWUR0000SETB,2022,7,M07,399.937,2022-07-01
cpi_w_motor_fuel,CWUR0000SETB,2022,8,M08,351.471,2022-08-01
cpi_w_motor_fuel,CWUR0000SETB,2022,9,M09,332.696,2022-09-01
cpi_w_motor_fuel,CWUR0000SETB,2022,10,M10,343.603,2022-10-01
cpi_w_motor_fuel,CWUR0000SETB,2022,11,M11,330.364,2022-11-01
cpi_w_motor_fuel,CWUR0000SETB,2022,12,M12,289.028,2022-12-01
cpi_w_motor_fuel,CWUR0000SETB,2023,1,M01,298.277,2023-01-01
cpi_w_motor_fuel,CWUR0000SETB,2023,2,M02,302.975,2023-02-01
cpi_w_motor_fuel,CWUR0000SETB,2023,3,M03,306.027,2023-03-01
cpi_w_motor_fuel,CWUR0000SETB,2023,4,M04,321.737,2023-04-01
cpi_w_motor_fuel,CWUR0000SETB,2023,5,M05,316.68,2023-05-01
cpi_w_motor_fuel,CWUR0000SETB,2023,6,M06,318.656,2023-06-01
cpi_w_motor_fuel,CWUR0000SETB,2023,7,M07,320.246,2023-07-01
cpi_w_motor_fuel,CWUR0000SETB,2023,8,M08,339.625,2023-08-01
cpi_w_motor_fuel,CWUR0000SETB,2023,9,M09,341.895,2023-09-01
cpi_w_motor_fuel,CWUR0000SETB,2023,10,M10,323.759,2023-10-01
cpi_w_motor_fuel,CWUR0000SETB,2023,11,M11,300.21,2023-11-01
cpi_w_motor_fuel,CWUR0000SETB,2023,12,M12,282.66,2023-12-01
cpi_w_motor_fuel,CWUR0000SETB,2024,1,M01,278.519,2024-01-01
cpi_w_motor_fuel,CWUR0000SETB,2024,2,M02,290.666,2024-02-01
cpi_w_motor_fuel,CWUR0000SETB,2024,3,M03,309.382,2024-03-01
cpi_w_motor_fuel,CWUR0000SETB,2024,4,M04,325.115,2024-04-01
cpi_w_motor_fuel,CWUR0000SETB,2024,5,M05,323.275,2024-05-01
cpi_w_motor_fuel,CWUR0000SETB,2024,6,M06,310.488,2024-06-01
cpi_w_motor_fuel,CWUR0000SETB,2024,7,M07,312.991,2024-07-01
cpi_w_motor_fuel,CWUR0000SETB,2024,8,M08,304.346,2024-08-01
cpi_w_motor_fuel,CWUR0000SETB,2024,9,M09,289.176,2024-09-01
cpi_w_motor_fuel,CWUR0000SETB,2024,10,M10,284.084,2024-10-01
cpi_w_motor_fuel,CWUR0000SETB,2024,11,M11,275.517,2024-11-01
cpi_w_motor_fuel,CWUR0000SETB,2024,12,M12,272.408,2024-12-01
cpi_w_motor_fuel,CWUR0000SETB,2025,1,M01,277.506,2025-01-01
cpi_w_motor_fuel,CWUR0000SETB,2025,2,M02,281.202,2025-02-01
cpi_w_motor_fuel,CWUR0000SETB,2025,3,M03,278.829,2025-03-01
cpi_w_motor_fuel,CWUR0000SETB,2025,4,M04,286.877,2025-04-01
cpi_w_motor_fuel,CWUR0000SETB,2025,5,M05,285.014,2025-05-01
cpi_w_motor_fuel,CWUR0000SETB,2025,6,M06,285.318,2025-06-01
cpi_w_motor_fuel,CWUR0000SETB,2025,7,M07,284.014,2025-07-01
cpi_w_motor_fuel,CWUR0000SETB,2025,8,M08,284.957,2025-08-01
cpi_w_motor_fuel,CWUR0000SETB,2025,9,M09,288.218,2025-09-01
cpi_w_motor_fuel,CWUR0000SETB,2025,11,M11,278.968,2025-11-01
cpi_w_motor_fuel,CWUR0000SETB,2025,12,M12,263.516,2025-12-01
cpi_w_motor_fuel,CWUR0000SETB,2026,1,M01,256.784,2026-01-01
cpi_w_motor_fuel,CWUR0000SETB,2026,2,M02,265.524,2026-02-01
cpi_w_motor_fuel,CWUR0000SETB,2026,3,M03,332.845,2026-03-01
cpi_w_motor_fuel,CWUR0000SETB,2026,4,M04,370.601,2026-04-01
cpi_w_motor_fuel,CWUR0000SETB,2026,5,M05,402.292,2026-05-01
cpi_w_motor_fuel,CWUR0000SETB,2026,6,M06,362.553,2026-06-01
cpi_w_motor_fuel,CWUR0000SETB,2026,7,M07,354.75,2026-07-01
cpi_w_motor_fuel,CWUR0000SETB,2026,8,M08,364.914,2026-08-01
cpi_w_other_motor_fuels,CWUR0000SETB02,2017,1,M01,184.541,2017-01-01
cpi_w_other_motor_fuels,CWUR0000SETB02,2017,2,M02,183.696,2017-02-01
cpi_w_other_motor_fuels,CWUR0000SETB02,2017,3,M03,184.165,2017-03-01
cpi_w_other_motor_fuels,CWUR0000SETB02,2017,4,M04,184.859,2017-04-01
cpi_w_other_motor_fuels,CWUR0000SETB02,2017,5,M05,183.396,2017-05-01
cpi_w_other_motor_fuels,CWUR0000SETB02,2017,6,M06,181.477,2017-06-01
cpi_w_other_motor_fuels,CWUR0000SETB02,2017,7,M07,178.459,2017-07-01
cpi_w_other_motor_fuels,CWUR0000SETB02,2017,8,M08,183.485,2017-08-01
cpi_w_other_motor_fuels,CWUR0000SETB02,2017,9,M09,198.324,2017-09-01
cpi_w_other_motor_fuels,CWUR0000SETB02,2017,10,M10,199.581,2017-10-01
cpi_w_other_motor_fuels,CWUR0000SETB02,2017,11,M11,205.93,2017-11-01
cpi_w_other_motor_fuels,CWUR0000SETB02,2017,12,M12,206.988,2017-12-01
cpi_w_other_motor_fuels,CWUR0000SETB02,2018,1,M01,213.015,2018-01-01
cpi_w_other_motor_fuels,CWUR0000SETB02,2018,2,M02,216.955,2018-02-01
cpi_w_other_motor_fuels,CWUR0000SETB02,2018,3,M03,214.571,2018-03-01
cpi_w_other_motor_fuels,CWUR0000SETB02,2018,4,M04,220.144,2018-04-01
cpi_w_other_motor_fuels,CWUR0000SETB02,2018,5,M05,229.654,2018-05-01
cpi_w_other_motor_fuels,CWUR0000SETB02,2018,6,M06,233.957,2018-06-01
cpi_w_other_motor_fuels,CWUR0000SETB02,2018,7,M07,232.908,2018-07-01
cpi_w_other_motor_fuels,CWUR0000SETB02,2018,8,M08,231.612,2018-08-01
cpi_w_other_motor_fuels,CWUR0000SETB02,2018,9,M09,233.723,2018-09-01
cpi_w_other_motor_fuels,CWUR0000SETB02,2018,10,M10,240.012,2018-10-01
cpi_w_other_motor_fuels,CWUR0000SETB02,2018,11,M11,236.405,2018-11-01
cpi_w_other_motor_fuels,CWUR0000SETB02,2018,12,M12,225.64,2018-12-01
cpi_w_other_motor_fuels,CWUR0000SETB02,2019,1,M01,214.633,2019-01-01
cpi_w_other_motor_fuels,CWUR0000SETB02,2019,2,M02,212.567,2019-02-01
cpi_w_other_motor_fuels,CWUR0000SETB02,2019,3,M03,219.009,2019-03-01
cpi_w_other_motor_fuels,CWUR0000SETB02,2019,4,M04,223.634,2019-04-01
cpi_w_other_motor_fuels,CWUR0000SETB02,2019,5,M05,227.505,2019-05-01
cpi_w_other_motor_fuels,CWUR0000SETB02,2019,6,M06,222.485,2019-06-01
cpi_w_other_motor_fuels,CWUR0000SETB02,2019,7,M07,220.118,2019-07-01
cpi_w_other_motor_fuels,CWUR0000SETB02,2019,8,M08,216.152,2019-08-01
cpi_w_other_motor_fuels,CWUR0000SETB02,2019,9,M09,216.414,2019-09-01
cpi_w_other_motor_fuels,CWUR0000SETB02,2019,10,M10,220.027,2019-10-01
cpi_w_other_motor_fuels,CWUR0000SETB02,2019,11,M11,222.86,2019-11-01
cpi_w_other_motor_fuels,CWUR0000SETB02,2019,12,M12,222.493,2019-12-01
cpi_w_other_motor_fuels,CWUR0000SETB02,2020,1,M01,221.524,2020-01-01
cpi_w_other_motor_fuels,CWUR0000SETB02,2020,2,M02,213.949,2020-02-01
cpi_w_other_motor_fuels,CWUR0000SETB02,2020,3,M03,201.637,2020-03-01
cpi_w_other_motor_fuels,CWUR0000SETB02,2020,4,M04,185.471,2020-04-01
cpi_w_other_motor_fuels,CWUR0000SETB02,2020,5,M05,180.395,2020-05-01
cpi_w_other_motor_fuels,CWUR0000SETB02,2020,6,M06,180.504,2020-06-01
cpi_w_other_motor_fuels,CWUR0000SETB02,2020,7,M07,180.359,2020-07-01
cpi_w_other_motor_fuels,CWUR0000SETB02,2020,8,M08,179.409,2020-08-01
cpi_w_other_motor_fuels,CWUR0000SETB02,2020,9,M09,178.916,2020-09-01
cpi_w_other_motor_fuels,CWUR0000SETB02,2020,10,M10,176.281,2020-10-01
cpi_w_other_motor_fuels,CWUR0000SETB02,2020,11,M11,175.703,2020-11-01
cpi_w_other_motor_fuels,CWUR0000SETB02,2020,12,M12,183.188,2020-12-01
cpi_w_other_motor_fuels,CWUR0000SETB02,2021,1,M01,192.627,2021-01-01
cpi_w_other_motor_fuels,CWUR0000SETB02,2021,2,M02,203.091,2021-02-01
cpi_w_other_motor_fuels,CWUR0000SETB02,2021,3,M03,223.433,2021-03-01
cpi_w_other_motor_fuels,CWUR0000SETB02,2021,4,M04,227.821,2021-04-01
cpi_w_other_motor_fuels,CWUR0000SETB02,2021,5,M05,232.163,2021-05-01
cpi_w_other_motor_fuels,CWUR0000SETB02,2021,6,M06,238.226,2021-06-01
cpi_w_other_motor_fuels,CWUR0000SETB02,2021,7,M07,241.843,2021-07-01
cpi_w_other_motor_fuels,CWUR0000SETB02,2021,8,M08,243.201,2021-08-01
cpi_w_other_motor_fuels,CWUR0000SETB02,2021,9,M09,245.131,2021-09-01
cpi_w_other_motor_fuels,CWUR0000SETB02,2021,10,M10,258.809,2021-10-01
cpi_w_other_motor_fuels,CWUR0000SETB02,2021,11,M11,268.791,2021-11-01
cpi_w_other_motor_fuels,CWUR0000SETB02,2021,12,M12,266.277,2021-12-01
cpi_w_other_motor_fuels,CWUR0000SETB02,2022,1,M01,267.679,2022-01-01
cpi_w_other_motor_fuels,CWUR0000SETB02,2022,2,M02,283.402,2022-02-01
cpi_w_other_motor_fuels,CWUR0000SETB02,2022,3,M03,348.363,2022-03-01
cpi_w_other_motor_fuels,CWUR0000SETB02,2022,4,M04,372.121,2022-04-01
cpi_w_other_motor_fuels,CWUR0000SETB02,2022,5,M05,400.539,2022-05-01
cpi_w_other_motor_fuels,CWUR0000SETB02,2022,6,M06,415.954,2022-06-01
cpi_w_other_motor_fuels,CWUR0000SETB02,2022,7,M07,406.589,2022-07-01
cpi_w_other_motor_fuels,CWUR0000SETB02,2022,8,M08,372.128,2022-08-01
cpi_w_other_motor_fuels,CWUR0000SETB02,2022,9,M09,364.033,2022-09-01
cpi_w_other_motor_fuels,CWUR0000SETB02,2022,10,M10,375.833,2022-10-01
cpi_w_other_motor_fuels,CWUR0000SETB02,2022,11,M11,386.075,2022-11-01
cpi_w_other_motor_fuels,CWUR0000SETB02,2022,12,M12,353.985,2022-12-01
cpi_w_other_motor_fuels,CWUR0000SETB02,2023,1,M01,338.142,2023-01-01
cpi_w_other_motor_fuels,CWUR0000SETB02,2023,2,M02,330.663,2023-02-01
cpi_w_other_motor_fuels,CWUR0000SETB02,2023,3,M03,314.194,2023-03-01
cpi_w_other_motor_fuels,CWUR0000SETB02,2023,4,M04,305.467,2023-04-01
cpi_w_other_motor_fuels,CWUR0000SETB02,2023,5,M05,295.023,2023-05-01
cpi_w_other_motor_fuels,CWUR0000SETB02,2023,6,M06,285.807,2023-06-01
cpi_w_other_motor_fuels,CWUR0000SETB02,2023,7,M07,283.62,2023-07-01
cpi_w_other_motor_fuels,CWUR0000SETB02,2023,8,M08,313.288,2023-08-01
cpi_w_other_motor_fuels,CWUR0000SETB02,2023,9,M09,329.79,2023-09-01
cpi_w_other_motor_fuels,CWUR0000SETB02,2023,10,M10,327.65,2023-10-01
cpi_w_other_motor_fuels,CWUR0000SETB02,2023,11,M11,315.339,2023-11-01
cpi_w_other_motor_fuels,CWUR0000SETB02,2023,12,M12,296.941,2023-12-01
cpi_w_other_motor_fuels,CWUR0000SETB02,2024,1,M01,285.718,2024-01-01
cpi_w_other_motor_fuels,CWUR0000SETB02,2024,2,M02,293.349,2024-02-01
cpi_w_other_motor_fuels,CWUR0000SETB02,2024,3,M03,295.131,2024-03-01
cpi_w_other_motor_fuels,CWUR0000SETB02,2024,4,M04,294.851,2024-04-01
cpi_w_other_motor_fuels,CWUR0000SETB02,2024,5,M05,288.37,2024-05-01
cpi_w_other_motor_fuels,CWUR0000SETB02,2024,6,M06,279.895,2024-06-01
cpi_w_other_motor_fuels,CWUR0000SETB02,2024,7,M07,281.713,2024-07-01
cpi_w_other_motor_fuels,CWUR0000SETB02,2024,8,M08,276.037,2024-08-01
cpi_w_other_motor_fuels,CWUR0000SETB02,2024,9,M09,265.966,2024-09-01
cpi_w_other_motor_fuels,CWUR0000SETB02,2024,10,M10,265.678,2024-10-01
cpi_w_other_motor_fuels,CWUR0000SETB02,2024,11,M11,260.05,2024-11-01
cpi_w_other_motor_fuels,CWUR0000SETB02,2024,12,M12,258.408,2024-12-01
cpi_w_other_motor_fuels,CWUR0000SETB02,2025,1,M01,263.34,2025-01-01
cpi_w_other_motor_fuels,CWUR0000SETB02,2025,2,M02,269.124,2025-02-01
cpi_w_other_motor_fuels,CWUR0000SETB02,2025,3,M03,266.016,2025-03-01
cpi_w_other_motor_fuels,CWUR0000SETB02,2025,4,M04,265.459,2025-04-01
cpi_w_other_motor_fuels,CWUR0000SETB02,2025,5,M05,263.402,2025-05-01
cpi_w_other_motor_fuels,CWUR0000SETB02,2025,6,M06,265.757,2025-06-01
cpi_w_other_motor_fuels,CWUR0000SETB02,2025,7,M07,278.549,2025-07-01
cpi_w_other_motor_fuels,CWUR0000SETB02,2025,8,M08,277.322,2025-08-01
cpi_w_other_motor_fuels,CWUR0000SETB02,2025,9,M09,277.047,2025-09-01
cpi_w_other_motor_fuels,CWUR0000SETB02,2025,11,M11,279.566,2025-11-01
cpi_w_other_motor_fuels,CWUR0000SETB02,2025,12,M12,269.814,2025-12-01
cpi_w_other_motor_fuels,CWUR0000SETB02,2026,1,M01,260.647,2026-01-01
cpi_w_other_motor_fuels,CWUR0000SETB02,2026,2,M02,269.071,2026-02-01
cpi_w_other_motor_fuels,CWUR0000SETB02,2026,3,M03,347.384,2026-03-01
cpi_w_other_motor_fuels,CWUR0000SETB02,2026,4,M04,409.365,2026-04-01
cpi_w_other_motor_fuels,CWUR0000SETB02,2026,5,M05,415.287,2026-05-01
cpi_w_other_motor_fuels,CWUR0000SETB02,2026,6,M06,387.016,2026-06-01
cpi_w_other_motor_fuels,CWUR0000SETB02,2026,7,M07,363.883,2026-07-01
cpi_w_other_motor_fuels,CWUR0000SETB02,2026,8,M08,395.775,2026-08-01
ppi_truck_transportation,PCU484---484---,2017,1,M01,132.5,2017-01-01
ppi_truck_transportation,PCU484---484---,2017,2,M02,132.8,2017-02-01
ppi_truck_transportation,PCU484---484---,2017,3,M03,132.6,2017-03-01
ppi_truck_transportation,PCU484---484---,2017,4,M04,132.8,2017-04-01
ppi_truck_transportation,PCU484---484---,2017,5,M05,133.2,2017-05-01
ppi_truck_transportation,PCU484---484---,2017,6,M06,133.3,2017-06-01
ppi_truck_transportation,PCU484---484---,2017,7,M07,133.7,2017-07-01
ppi_truck_transportation,PCU484---484---,2017,8,M08,134.8,2017-08-01
ppi_truck_transportation,PCU484---484---,2017,9,M09,135.9,2017-09-01
ppi_truck_transportation,PCU484---484---,2017,10,M10,135.8,2017-10-01
ppi_truck_transportation,PCU484---484---,2017,11,M11,137.0,2017-11-01
ppi_truck_transportation,PCU484---484---,2017,12,M12,137.9,2017-12-01
ppi_truck_transportation,PCU484---484---,2018,1,M01,138.7,2018-01-01
ppi_truck_transportation,PCU484---484---,2018,2,M02,139.5,2018-02-01
ppi_truck_transportation,PCU484---484---,2018,3,M03,139.6,2018-03-01
ppi_truck_transportation,PCU484---484---,2018,4,M04,140.1,2018-04-01
ppi_truck_transportation,PCU484---484---,2018,5,M05,141.5,2018-05-01
ppi_truck_transportation,PCU484---484---,2018,6,M06,143.4,2018-06-01
ppi_truck_transportation,PCU484---484---,2018,7,M07,144.3,2018-07-01
ppi_truck_transportation,PCU484---484---,2018,8,M08,144.6,2018-08-01
ppi_truck_transportation,PCU484---484---,2018,9,M09,145.5,2018-09-01
ppi_truck_transportation,PCU484---484---,2018,10,M10,146.8,2018-10-01
ppi_truck_transportation,PCU484---484---,2018,11,M11,146.9,2018-11-01
ppi_truck_transportation,PCU484---484---,2018,12,M12,146.9,2018-12-01
ppi_truck_transportation,PCU484---484---,2019,1,M01,147.1,2019-01-01
ppi_truck_transportation,PCU484---484---,2019,2,M02,146.6,2019-02-01
ppi_truck_transportation,PCU484---484---,2019,3,M03,146.3,2019-03-01
ppi_truck_transportation,PCU484---484---,2019,4,M04,145.8,2019-04-01
ppi_truck_transportation,PCU484---484---,2019,5,M05,146.8,2019-05-01
ppi_truck_transportation,PCU484---484---,2019,6,M06,147.1,2019-06-01
ppi_truck_transportation,PCU484---484---,2019,7,M07,146.4,2019-07-01
ppi_truck_transportation,PCU484---484---,2019,8,M08,146.3,2019-08-01
ppi_truck_transportation,PCU484---484---,2019,9,M09,146.0,2019-09-01
ppi_truck_transportation,PCU484---484---,2019,10,M10,146.2,2019-10-01
ppi_truck_transportation,PCU484---484---,2019,11,M11,147.7,2019-11-01
ppi_truck_transportation,PCU484---484---,2019,12,M12,147.5,2019-12-01
ppi_truck_transportation,PCU484---484---,2020,1,M01,146.9,2020-01-01
ppi_truck_transportation,PCU484---484---,2020,2,M02,146.7,2020-02-01
ppi_truck_transportation,PCU484---484---,2020,3,M03,145.7,2020-03-01
ppi_truck_transportation,PCU484---484---,2020,4,M04,143.7,2020-04-01
ppi_truck_transportation,PCU484---484---,2020,5,M05,140.6,2020-05-01
ppi_truck_transportation,PCU484---484---,2020,6,M06,142.1,2020-06-01
ppi_truck_transportation,PCU484---484---,2020,7,M07,145.0,2020-07-01
ppi_truck_transportation,PCU484---484---,2020,8,M08,145.4,2020-08-01
ppi_truck_transportation,PCU484---484---,2020,9,M09,146.0,2020-09-01
ppi_truck_transportation,PCU484---484---,2020,10,M10,148.4,2020-10-01
ppi_truck_transportation,PCU484---484---,2020,11,M11,150.0,2020-11-01
ppi_truck_transportation,PCU484---484---,2020,12,M12,151.0,2020-12-01
ppi_truck_transportation,PCU484---484---,2021,1,M01,151.8,2021-01-01
ppi_truck_transportation,PCU484---484---,2021,2,M02,154.5,2021-02-01
ppi_truck_transportation,PCU484---484---,2021,3,M03,157.4,2021-03-01
ppi_truck_transportation,PCU484---484---,2021,4,M04,159.9,2021-04-01
ppi_truck_transportation,PCU484---484---,2021,5,M05,162.6,2021-05-01
ppi_truck_transportation,PCU484---484---,2021,6,M06,163.4,2021-06-01
ppi_truck_transportation,PCU484---484---,2021,7,M07,163.969,2021-07-01
ppi_truck_transportation,PCU484---484---,2021,8,M08,166.08,2021-08-01
ppi_truck_transportation,PCU484---484---,2021,9,M09,168.53,2021-09-01
ppi_truck_transportation,PCU484---484---,2021,10,M10,171.823,2021-10-01
ppi_truck_transportation,PCU484---484---,2021,11,M11,177.063,2021-11-01
ppi_truck_transportation,PCU484---484---,2021,12,M12,179.575,2021-12-01
ppi_truck_transportation,PCU484---484---,2022,1,M01,185.887,2022-01-01
ppi_truck_transportation,PCU484---484---,2022,2,M02,190.459,2022-02-01
ppi_truck_transportation,PCU484---484---,2022,3,M03,198.15,2022-03-01
ppi_truck_transportation,PCU484---484---,2022,4,M04,200.798,2022-04-01
ppi_truck_transportation,PCU484---484---,2022,5,M05,203.759,2022-05-01
ppi_truck_transportation,PCU484---484---,2022,6,M06,202.669,2022-06-01
ppi_truck_transportation,PCU484---484---,2022,7,M07,202.126,2022-07-01
ppi_truck_transportation,PCU484---484---,2022,8,M08,198.87,2022-08-01
ppi_truck_transportation,PCU484---484---,2022,9,M09,197.733,2022-09-01
ppi_truck_transportation,PCU484---484---,2022,10,M10,196.905,2022-10-01
ppi_truck_transportation,PCU484---484---,2022,11,M11,197.51,2022-11-01
ppi_truck_transportation,PCU484---484---,2022,12,M12,196.307,2022-12-01
ppi_truck_transportation,PCU484---484---,2023,1,M01,191.078,2023-01-01
ppi_truck_transportation,PCU484---484---,2023,2,M02,193.339,2023-02-01
ppi_truck_transportation,PCU484---484---,2023,3,M03,194.625,2023-03-01
ppi_truck_transportation,PCU484---484---,2023,4,M04,185.833,2023-04-01
ppi_truck_transportation,PCU484---484---,2023,5,M05,189.015,2023-05-01
ppi_truck_transportation,PCU484---484---,2023,6,M06,187.623,2023-06-01
ppi_truck_transportation,PCU484---484---,2023,7,M07,182.644,2023-07-01
ppi_truck_transportation,PCU484---484---,2023,8,M08,181.217,2023-08-01
ppi_truck_transportation,PCU484---484---,2023,9,M09,185.925,2023-09-01
ppi_truck_transportation,PCU484---484---,2023,10,M10,186.91,2023-10-01
ppi_truck_transportation,PCU484---484---,2023,11,M11,187.062,2023-11-01
ppi_truck_transportation,PCU484---484---,2023,12,M12,183.079,2023-12-01
ppi_truck_transportation,PCU484---484---,2024,1,M01,184.262,2024-01-01
ppi_truck_transportation,PCU484---484---,2024,2,M02,184.65,2024-02-01
ppi_truck_transportation,PCU484---484---,2024,3,M03,182.824,2024-03-01
ppi_truck_transportation,PCU484---484---,2024,4,M04,183.711,2024-04-01
ppi_truck_transportation,PCU484---484---,2024,5,M05,187.023,2024-05-01
ppi_truck_transportation,PCU484---484---,2024,6,M06,186.97,2024-06-01
ppi_truck_transportation,PCU484---484---,2024,7,M07,191.387,2024-07-01
ppi_truck_transportation,PCU484---484---,2024,8,M08,185.349,2024-08-01
ppi_truck_transportation,PCU484---484---,2024,9,M09,182.892,2024-09-01
ppi_truck_transportation,PCU484---484---,2024,10,M10,180.186,2024-10-01
ppi_truck_transportation,PCU484---484---,2024,11,M11,177.704,2024-11-01
ppi_truck_transportation,PCU484---484---,2024,12,M12,182.528,2024-12-01
ppi_truck_transportation,PCU484---484---,2025,1,M01,188.648,2025-01-01
ppi_truck_transportation,PCU484---484---,2025,2,M02,187.867,2025-02-01
ppi_truck_transportation,PCU484---484---,2025,3,M03,181.628,2025-03-01
ppi_truck_transportation,PCU484---484---,2025,4,M04,185.71,2025-04-01
ppi_truck_transportation,PCU484---484---,2025,5,M05,187.171,2025-05-01
ppi_truck_transportation,PCU484---484---,2025,6,M06,183.558,2025-06-01
ppi_truck_transportation,PCU484---484---,2025,7,M07,189.746,2025-07-01
ppi_truck_transportation,PCU484---484---,2025,8,M08,191.057,2025-08-01
ppi_truck_transportation,PCU484---484---,2025,9,M09,192.514,2025-09-01
ppi_truck_transportation,PCU484---484---,2025,10,M10,191.949,2025-10-01
ppi_truck_transportation,PCU484---484---,2025,11,M11,193.999,2025-11-01
ppi_truck_transportation,PCU484---484---,2025,12,M12,190.449,2025-12-01
ppi_truck_transportation,PCU484---484---,2026,1,M01,191.864,2026-01-01
ppi_truck_transportation,PCU484---484---,2026,2,M02,192.918,2026-02-01
ppi_truck_transportation,PCU484---484---,2026,3,M03,198.245,2026-03-01
ppi_truck_transportation,PCU484---484---,2026,4,M04,209.405,2026-04-01
ppi_truck_transportation,PCU484---484---,2026,5,M05,212.612,2026-05-01
ppi_truck_transportation,PCU484---484---,2026,6,M06,210.075,2026-06-01
ppi_truck_transportation,PCU484---484---,2026,7,M07,209.232,2026-07-01
ppi_truck_transportation,PCU484---484---,2026,8,M08,213.299,2026-08-01
