target_cola_pct,required_september_cpi_w,additional_index_gap,gasoline_only_shock_pct,gasoline_regular_price_if_only_gas,other_motor_fuel_only_shock_pct,diesel_price_if_only_other_motor_fuel
0.0,295.7331029999998,0.0,0.0,4.2,0.0,5.547
0.1,296.68489699999986,0.0,0.0,4.2,0.0,5.547
0.2,297.6366909999999,0.0,0.0,4.2,0.0,5.547
0.3,298.588485,0.0,0.0,4.2,0.0,5.547
0.4,299.54027900000006,0.0,0.0,4.2,0.0,5.547
0.5,300.4920729999999,0.0,0.0,4.2,0.0,5.547
0.6,301.44386699999995,0.0,0.0,4.2,0.0,5.547
0.7,302.3956609999998,0.0,0.0,4.2,0.0,5.547
0.8,303.3474550000001,0.0,0.0,4.2,0.0,5.547
0.9,304.2992489999999,0.0,0.0,4.2,0.0,5.547
1.0,305.251043,0.0,0.0,4.2,0.0,5.547
1.1,306.2028369999998,0.0,0.0,4.2,0.0,5.547
1.2,307.1546309999999,0.0,0.0,4.2,0.0,5.547
1.3,308.10642499999994,0.0,0.0,4.2,0.0,5.547
1.4,309.058219,0.0,0.0,4.2,0.0,5.547
1.5,310.01001299999984,0.0,0.0,4.2,0.0,5.547
1.6,310.96180700000014,0.0,0.0,4.2,0.0,5.547
1.7,311.91360099999997,0.0,0.0,4.2,0.0,5.547
1.8,312.86539500000003,0.0,0.0,4.2,0.0,5.547
1.9,313.81718899999987,0.0,0.0,4.2,0.0,5.547
2.0,314.76898299999993,0.0,0.0,4.2,0.0,5.547
2.1,315.72077699999977,0.0,0.0,4.2,0.0,5.547
2.2,316.67257099999983,0.0,0.0,4.2,0.0,5.547
2.3,317.6243649999999,0.0,0.0,4.2,0.0,5.547
2.4,318.57615899999996,0.0,0.0,4.2,0.0,5.547
2.5,319.527953,0.0,0.0,4.2,0.0,5.547
2.6,320.4797470000001,0.0,0.0,4.2,0.0,5.547
2.7,321.4315409999999,0.0,0.0,4.2,0.0,5.547
2.8,322.383335,0.0,0.0,4.2,0.0,5.547
2.9,323.3351289999998,0.0,0.0,4.2,0.0,5.547
3.0,324.2869229999999,0.0,0.0,4.2,0.0,5.547
3.1,325.2387169999997,0.0,0.0,4.2,0.0,5.547
3.2,326.190511,0.0,0.0,4.2,0.0,5.547
3.3,327.14230499999985,0.0,0.0,4.2,0.0,5.547
3.4,328.0940989999999,0.0,0.0,4.2,0.0,5.547
3.5,329.045893,0.037711026238469,0.2886434891408011,4.212123026543914,10.712180330636647,6.141204642940415
3.6,329.99768700000004,0.9895050262385325,7.573757910743227,4.5180978322512155,281.07843610805,21.138420850913533
3.7,330.9494809999999,1.9412990262383687,14.858872332343912,4.824072637958444,551.4446918853988,36.13563705888307
3.8,331.90127500000017,2.8930930262386596,22.143986753948077,5.13004744366582,821.8109476628769,51.132853266859776
3.9,332.853069,3.8448870262384958,29.429101175548762,5.436022249373048,1092.1772034402256,66.13006947482931
4.0,333.80486300000007,4.796681026238559,36.71421559715119,5.7419970550803505,1362.5434592176389,81.12728568280244
4.1,334.7566569999999,5.7484750262383955,43.99933001875188,6.0479718607875785,1632.9097149949878,96.12450189077197
4.2,335.70845099999997,6.700269026238459,51.28444444035431,6.353946666494881,1903.2759707724013,111.12171809874509
4.3,336.6602449999998,7.652063026238295,58.56955886195499,6.65992147220211,2173.64222654975,126.11893430671462
4.4,337.61203899999987,8.603857026238359,65.8546732835574,6.965896277909412,2444.008482327163,141.11615051468775
4.5,338.56383299999993,9.555651026238422,73.13978770515983,7.2718710836167135,2714.374738104577,156.11336672266086
4.6,339.515627,10.507445026238486,80.42490212676226,7.577845889324016,2984.74099388199,171.11058293063397
4.7,340.46742100000006,11.45923902623855,87.71001654836469,7.883820695031317,3255.107249659404,186.10779913860713
4.8,341.4192150000001,12.411033026238613,94.99513096996711,8.189795500738619,3525.473505436817,201.10501534658022
4.9,342.37100899999996,13.362827026238449,102.28024539156779,8.495770306445849,3795.839761214166,216.10223155454977
5.0,343.322803,14.314621026238513,109.56535981317022,8.80174511215315,4066.206016991579,231.09944776252289
5.1,344.27459699999986,15.266415026238349,116.8504742347709,9.10771991786038,4336.572272768928,246.09666397049244
5.2,345.2263909999999,16.218209026238412,124.13558865637333,9.41369472356768,4606.938528546341,261.09388017846555
5.3,346.17818499999976,17.17000302623825,131.42070307797403,9.71966952927491,4877.30478432369,276.0910963864351
5.4,347.12997900000005,18.12179702623854,138.7058174995782,10.025644334982285,5147.671040101168,291.0883125944118
5.5,348.0817729999999,19.073591026238375,145.99093192117886,10.331619140689513,5418.037295878517,306.0855288023813
5.6,349.03356699999995,20.02538502623844,153.27604634278129,10.637593946396816,5688.40355165593,321.0827450103544
5.7,349.985361,20.977179026238503,160.56116076438371,10.943568752104117,5958.769807433344,336.0799612183276
5.8,350.9371550000001,21.928973026238566,167.84627518598614,11.249543557811418,6229.136063210757,351.0771774263007
5.9,351.8889489999999,22.880767026238402,175.13138960758684,11.555518363518647,6499.502318988105,366.07439363427017
6.0,352.840743,23.832561026238466,182.41650402918924,11.861493169225948,6769.868574765519,381.07160984224333
6.1,353.7925369999998,24.784355026238302,189.70161845078994,12.167467974933178,7040.234830542868,396.06882605021286
6.2,354.7443310000001,25.736149026238593,196.9867328723941,12.473442780640553,7310.601086320346,411.0660422581896
6.3,355.69612499999994,26.68794302623843,204.2718472939948,12.779417586347781,7580.967342097695,426.06325846615914
6.4,356.6479189999998,27.639737026238265,211.55696171559546,13.08539239205501,7851.333597875044,441.0604746741286
6.5,357.59971299999984,28.59153102623833,218.8420761371979,13.391367197762312,8121.699853652457,456.0576908821018
6.6,358.5515069999999,29.543325026238392,226.12719055880035,13.697342003469615,8392.06610942987,471.0549070900749
6.7,359.50330099999996,30.495119026238456,233.41230498040275,14.003316809176916,8662.432365207284,486.05212329804795
6.8,360.4550949999998,31.446913026238292,240.69741940200342,14.309291614884144,8932.798620984633,501.0493395060176
6.9,361.40688899999986,32.398707026238355,247.98253382360588,14.615266420591446,9203.164876762045,516.0465557139906
7.0,362.35868300000016,33.350501026238646,255.26764824521004,14.921241226298822,9473.531132539525,531.0437719219674
7.1,363.310477,34.30229502623848,262.55276266681074,15.227216032006051,9743.897388316873,546.0409881299369
7.2,364.2622709999998,35.25408902623832,269.8378770884114,15.53319083771328,10014.26364409422,561.0382043379064
7.3,365.2140649999999,36.20588302623838,277.12299151001383,15.839165643420582,10284.629899871636,576.0354205458796
7.4,366.16585899999995,37.157677026238446,284.40810593161626,16.145140449127883,10554.996155649049,591.0326367538527
7.5,367.1176529999998,38.10947102623828,291.69322035321693,16.451115254835113,10825.362411426397,606.0298529618223
7.6,368.06944699999985,39.061265026238345,298.97833477481936,16.757090060542414,11095.728667203812,621.0270691697954
7.7,369.0212409999999,40.01305902623841,306.2634491964218,17.063064866249714,11366.094922981223,636.0242853777684
7.8,369.973035,40.96485302623847,313.5485636180242,17.369039671957015,11636.461178758636,651.0215015857416
7.9,370.92482900000005,41.916647026238536,320.83367803962665,17.675014477664316,11906.827434536051,666.0187177937147
8.0,371.8766229999999,42.86844102623837,328.1187924612273,17.980989283371546,12177.1936903134,681.0159340016842
